filename,bandgap,formation_energy
mp20-train-mp-1221227.cif,0.2132999999999998,-1.637460082715517
mp20-train-mp-974729.cif,0.0,-0.3147590238461542
mp20-train-mp-1185360.cif,0.0,-0.1937609628160919
mp20-train-mp-1188861.cif,3.8556,-0.5846935397395834
mp20-train-mp-677272.cif,0.4706999999999999,-2.474759288928571
mp20-train-mp-1104517.cif,0.0,-0.6410757933928569
mp20-train-mp-561310.cif,4.313400000000001,-2.160561466925288
mp20-train-mp-777964.cif,0.0,-1.697507947183908
mp20-train-mp-1078776.cif,1.4017999999999995,-0.7366100418750001
mp20-train-mp-1217581.cif,0.0,-0.5213035800000002
mp20-train-mp-1226849.cif,0.5664000000000002,-0.521158901666666
mp20-train-mp-1188441.cif,0.0,-0.0850302221666666
mp20-train-mp-2400.cif,1.2566,-1.078382311088362
mp20-train-mp-755297.cif,2.5515,-1.7426464083333335
mp20-train-mp-1112148.cif,1.4011000000000002,-1.1574693832413794
mp20-train-mp-20950.cif,0.0,-1.000601159999999
mp20-train-mp-1019278.cif,0.0,-0.8353951749999998
mp20-train-mp-547792.cif,2.6838,-2.0533213286
mp20-train-mp-16341.cif,0.0,-0.2750643741666665
mp20-train-mp-1215947.cif,0.0,-0.5070968549999988
mp20-train-mp-1224950.cif,0.0,-0.2296934258333335
mp20-train-mp-867272.cif,0.0,-0.2212785558333334
mp20-train-mp-1185774.cif,0.0,-0.0340706050000001
mp20-train-mp-776164.cif,3.0526,-2.8219765213888888
mp20-train-mp-30875.cif,0.0452000000000012,-0.3331329372222231
mp20-train-mp-15822.cif,0.0,-0.6998789122222225
mp20-train-mp-1111567.cif,4.7378,-3.2973372829333334
mp20-train-mp-684705.cif,1.3135000000000003,-2.826178416793104
mp20-train-mp-2832.cif,0.0,-0.8103917534062489
mp20-train-mp-865364.cif,0.0,-0.3621794825000002
mp20-train-mp-12571.cif,0.0,-0.6309166883333326
mp20-train-mp-1225679.cif,0.0,-0.6146446508333335
mp20-train-mp-1102038.cif,2.9992,-0.2632931008333337
mp20-train-mp-1187002.cif,0.0,-0.2041860199999998
mp20-train-mp-15634.cif,0.0,-3.2992035115747127
mp20-train-mp-1667.cif,0.0,-0.0976373366666673
mp20-train-mp-29337.cif,1.4384,-0.6367718755059525
mp20-train-mp-1102002.cif,0.2624000000000013,-0.4170929399999998
mp20-train-mp-22592.cif,0.0,-2.702762577666666
mp20-train-mp-4482.cif,2.6801,-2.060651169310345
mp20-train-mp-867135.cif,0.0,-0.7885469112500001
mp20-train-mp-1225810.cif,0.0,-0.2840511816666661
mp20-train-mp-1103663.cif,3.5421,-3.039155332272727
mp20-train-mp-1227942.cif,0.0,-0.542095370833333
mp20-train-mp-1206487.cif,0.1452,-0.6129058359999998
mp20-train-mp-1224823.cif,0.0,-0.3844083715625004
mp20-train-mp-643814.cif,3.3636,-2.0798479405
mp20-train-mp-568529.cif,0.0,-0.2380614720833337
mp20-train-mp-10626.cif,0.0,-1.010678879999999
mp20-train-mp-759676.cif,0.0,-2.53790018296875
mp20-train-mp-754736.cif,3.1394,-1.9487391408333337
mp20-train-mp-862287.cif,0.0,-0.8688942487500002
mp20-train-mp-1185135.cif,0.0,-1.031756316375
mp20-train-mp-676315.cif,0.1960999999999999,-1.387992539666667
mp20-train-mp-550220.cif,1.6039,-1.792285130500001
mp20-train-mp-571044.cif,0.0,-0.9152038625000004
mp20-train-mp-766870.cif,0.0,-1.8522878158103453
mp20-train-mp-552963.cif,0.8289,-3.261532757083334
mp20-train-mp-1025252.cif,1.5642,-1.9745449019704435
mp20-train-mp-570668.cif,0.282,-2.0729241615625003
mp20-train-mp-973935.cif,0.0,0.0613077916666663
mp20-train-mp-1217143.cif,0.0,-1.450797083541667
mp20-train-mp-1206941.cif,0.0,-0.575991100833334
mp20-train-mp-567807.cif,0.0,-0.8242556805555546
mp20-train-mp-862259.cif,0.0,-0.2688765137499995
mp20-train-mvc-15303.cif,1.6830999999999998,-1.85953414
mp20-train-mp-757085.cif,0.7183000000000002,-2.0053346070833324
mp20-train-mp-1070264.cif,0.0,-0.8069664230000001
mp20-train-mp-1025227.cif,0.0009000000000001,-2.278259995
mp20-train-mp-18198.cif,0.0,-1.001830913888889
mp20-train-mp-1095424.cif,0.0,-1.0626836082601885
mp20-train-mp-1102869.cif,0.0,-1.1224766850000012
mp20-train-mp-1206898.cif,0.0,-0.7185612426666672
mp20-train-mp-1113580.cif,3.7384,-2.1839126488333327
mp20-train-mp-21437.cif,1.2382,-1.638986081111111
mp20-train-mp-1030682.cif,0.1049000000000002,-0.545346386223958
mp20-train-mp-1217696.cif,0.0,-0.1587015633333332
mp20-train-mp-1238847.cif,0.0,-1.0387412084359602
mp20-train-mp-1221909.cif,0.0,-0.954272526311577
mp20-train-mp-567580.cif,0.0,-0.4428374349999995
mp20-train-mp-1207855.cif,0.0,-0.601768360769232
mp20-train-mp-1223641.cif,0.0,-2.9327970991
mp20-train-mp-1219073.cif,0.0,-0.2409602040277789
mp20-train-mp-1102155.cif,0.0,-0.7937850200000008
mp20-train-mp-675739.cif,0.0,-1.8549729024107136
mp20-train-mp-1221196.cif,0.5257999999999998,-0.9702564285543764
mp20-train-mp-989588.cif,0.0,-0.5766284889999994
mp20-train-mp-1209057.cif,0.0,-0.650600358333333
mp20-train-mp-866106.cif,0.0,-0.5922886712499997
mp20-train-mp-864990.cif,0.0,-0.215195611465516
mp20-train-mp-1212860.cif,5.9275,-4.235024944166668
mp20-train-mp-1104668.cif,0.0,-1.008044691428571
mp20-train-mp-694855.cif,1.3476000000000004,-2.136064842777778
mp20-train-mp-559417.cif,4.377000000000001,-3.143332962916665
mp20-train-mp-753397.cif,0.0,-1.8143320492857136
mp20-train-mp-1238828.cif,0.0217999999999998,-1.122038590833333
mp20-train-mp-1518993.cif,3.3892,-2.9740798711666656
mp20-train-mp-7911.cif,1.3559,-1.2247965501666662
mp20-train-mp-1186678.cif,0.0,-0.336911024375
mp20-train-mp-1183895.cif,0.0,-0.4880099331249994
mp20-train-mp-1219522.cif,0.0,0.0135466089999994
mp20-train-mp-1183187.cif,0.0,-0.2115906887500003
mp20-train-mp-1095550.cif,0.0,-1.1952281441666663
mp20-train-mp-1222929.cif,0.0,-0.4655872358333326
mp20-train-mp-570778.cif,2.6885000000000003,0.0349784949999998
mp20-train-mp-13384.cif,1.8335,-0.834633274239583
mp20-train-mp-21510.cif,0.8731,-0.4881231212586208
mp20-train-mp-1220781.cif,3.0399,-2.393458977327588
mp20-train-mp-1226822.cif,0.0,-0.8122529262962956
mp20-train-mp-20334.cif,0.0,-0.985334974166666
mp20-train-mp-997094.cif,1.6597,-1.8644140979166663
mp20-train-mvc-3973.cif,0.8357000000000001,-2.4398850320000007
mp20-train-mp-8560.cif,5.9139,-2.1772442697321432
mp20-train-mp-4475.cif,0.0,-0.4127336696041667
mp20-train-mp-20347.cif,0.0,-1.0346531716666665
mp20-train-mp-1224395.cif,0.0,-0.3873441146153847
mp20-train-mp-1147589.cif,0.0,-2.0551678253906247
mp20-train-mp-1248625.cif,3.3346,-2.992132098793104
mp20-train-mp-1106129.cif,1.7886999999999995,-1.5481121764705883
mp20-train-mp-557163.cif,5.152100000000001,-3.319559323055556
mp20-train-mp-1210309.cif,4.4469,-2.016928923965517
mp20-train-mp-10225.cif,0.0,-1.2509027682004312
mp20-train-mp-1219515.cif,0.6520000000000001,-0.8242904777864588
mp20-train-mp-862866.cif,0.0,-0.7415928849999993
mp20-train-mp-1219977.cif,0.0,-0.6116637633333332
mp20-train-mp-557296.cif,0.2077,-2.5678126341264376
mp20-train-mp-7376.cif,0.0,-0.5009250985714289
mp20-train-mp-559094.cif,0.0685,-1.0668080022222226
mp20-train-mp-1205575.cif,0.0,-2.894614975333333
mp20-train-mp-1187051.cif,0.0,-0.4160911949999999
mp20-train-mp-1019378.cif,3.7523,-1.3337153446874996
mp20-train-mp-1189929.cif,2.5122,-2.418342401296296
mp20-train-mp-29364.cif,2.9218,-2.198206253787879
mp20-train-mp-3827.cif,0.0,-1.0015904073125004
mp20-train-mp-1186253.cif,0.0,-0.2001959074999999
mp20-train-mp-4574.cif,0.0,-3.207073988333333
mp20-train-mp-1184112.cif,0.0,-0.18100587125
mp20-train-mp-551131.cif,0.0,-1.5010346443749991
mp20-train-mp-1228329.cif,0.0,-0.7296368324999998
mp20-train-mp-7121.cif,0.0,-0.3454466019999998
mp20-train-mp-1079307.cif,0.0,-0.7193925566666669
mp20-train-mp-1219582.cif,5.4953,-3.2236028308333338
mp20-train-mp-1207143.cif,0.0,-0.2081599312499999
mp20-train-mp-1225505.cif,0.0,-0.3863528041666666
mp20-train-mp-2498.cif,0.0,-0.0291806116666665
mp20-train-mp-1217205.cif,0.0,-1.524383245494791
mp20-train-mp-25972.cif,1.0953,-2.389875679377396
mp20-train-mp-755352.cif,4.4196,-3.1678989494444445
mp20-train-mp-776331.cif,0.0,-2.2074129137500003
mp20-train-mp-27791.cif,4.1268,-3.112902746458333
mp20-train-mp-20324.cif,0.0,-2.1959560480769227
mp20-train-mp-849493.cif,3.702,-2.8913954859523807
mp20-train-mp-753348.cif,0.2350000000000003,-1.4267323785714296
mp20-train-mp-1185443.cif,0.0,-0.3990206233333331
mp20-train-mp-1207880.cif,0.0,-0.535804289375001
mp20-train-mp-23177.cif,2.4641,-0.6920993337499999
mp20-train-mp-1183051.cif,0.0,0.0532160843749993
mp20-train-mp-1079700.cif,0.0,-0.7546511416666672
mp20-train-mp-1220417.cif,0.0,-0.1970174412500007
mp20-train-mp-29562.cif,0.0,-1.3763321929629626
mp20-train-mp-9274.cif,1.4026999999999998,-0.4619977815624998
mp20-train-mp-1184689.cif,0.0,-0.4224683837499992
mp20-train-mp-1187927.cif,0.0,-0.3641782449999999
mp20-train-mp-18881.cif,0.0734999999999996,-2.1496637117692305
mp20-train-mp-1215267.cif,0.0,-3.7269618906666655
mp20-train-mp-972246.cif,0.0,-0.4042590050000001
mp20-train-mp-1113274.cif,0.0,-3.1211526531666665
mp20-train-mp-755786.cif,0.2081999999999997,-1.721171699333334
mp20-train-mp-22957.cif,6.2488,-3.5924706847222225
mp20-train-mp-776473.cif,3.0655,-2.6884077835000006
mp20-train-mp-1540553.cif,1.6461,-1.999396434907408
mp20-train-mp-1186122.cif,0.0,-0.0596399541379311
mp20-train-mp-2463.cif,0.0,-0.1750609950000002
mp20-train-mp-2133.cif,0.7316,-1.7908960925
mp20-train-mp-1227425.cif,2.0872,-0.7187818223809528
mp20-train-mp-1030504.cif,1.1583,-0.8999767898958323
mp20-train-mp-7650.cif,3.4968,-3.000575480625
mp20-train-mp-1112120.cif,4.088,-2.4413497418362065
mp20-train-mp-1188827.cif,0.8051000000000004,-0.7663104499218747
mp20-train-mp-11660.cif,1.0259,-1.8010664364285722
mp20-train-mp-1189057.cif,0.0,-0.9087937068750004
mp20-train-mp-758265.cif,0.0,-2.1069532075925923
mp20-train-mp-30750.cif,0.0,-0.5356965533333327
mp20-train-mp-1069533.cif,2.0914,-1.975276308625
mp20-train-mp-1224091.cif,0.0,-0.4797582674999998
mp20-train-mp-1014219.cif,0.0,-0.1992026600000009
mp20-train-mp-1217066.cif,0.0,-0.2625107581944442
mp20-train-mp-491.cif,0.0,-2.283690446339285
mp20-train-mp-1222686.cif,0.0,-1.3028446466666668
mp20-train-mp-864769.cif,0.0,-0.2693578091666668
mp20-train-mp-1213025.cif,0.0,-0.9864850358333328
mp20-train-mp-20381.cif,0.0,-0.7215423013888898
mp20-train-mp-568182.cif,0.0,-0.734933633
mp20-train-mp-23950.cif,5.135,-0.3759996722142849
mp20-train-mp-972176.cif,0.0,-0.5042969461111113
mp20-train-mp-1188586.cif,0.0,-0.636323651
mp20-train-mp-1187338.cif,0.0,0.0248982749999999
mp20-train-mp-29976.cif,2.6404,-1.1638671697424054
mp20-train-mp-1651584.cif,3.869,-2.0797581531666665
mp20-train-mp-1113712.cif,0.0,-2.1718354246666665
mp20-train-mp-755568.cif,3.0727,-1.9143899184999995
mp20-train-mp-1096882.cif,0.0,-0.5480728569999996
mp20-train-mp-1183305.cif,0.0,-0.5153376866666668
mp20-train-mp-1221656.cif,0.0,-0.4680091944827591
mp20-train-mp-632286.cif,0.0,0.0588853099999999
mp20-train-mp-1216765.cif,0.0,-0.135247312916667
mp20-train-mp-1185750.cif,0.0,-0.2342714404166666
mp20-train-mp-1222453.cif,0.0001999999999995,-3.135025580238095
mp20-train-mp-1095673.cif,0.0,-0.3371986824999986
mp20-train-mp-1221275.cif,0.0,-0.2784489338103444
mp20-train-mp-1103567.cif,0.0,-0.6525255747222225
mp20-train-mp-1227325.cif,1.9918,-2.6855214946666663
mp20-train-mp-6732.cif,0.0,-2.9429200695000004
mp20-train-mp-768221.cif,3.1467,-2.7733014223333328
mp20-train-mp-21419.cif,0.0,0.0185630083333331
mp20-train-mp-11258.cif,0.0,-0.8540597449999998
mp20-train-mp-850956.cif,0.0754999999999999,-2.0619496465229887
mp20-train-mp-849731.cif,1.3877000000000002,-2.740892999666668
mp20-train-mp-559847.cif,1.2689,-0.5481821199305562
mp20-train-mp-1106203.cif,0.2711999999999994,-0.6407920134374998
mp20-train-mp-754382.cif,16.5964,0.00378677
mp20-train-mp-560262.cif,0.1306000000000002,-0.8489075160714284
mp20-train-mp-21521.cif,1.6807,-1.540855651810345
mp20-train-mp-1018020.cif,0.0,-0.3634370453385416
mp20-train-mp-570558.cif,0.0,-2.0215770605555554
mp20-train-mp-1227213.cif,0.0,-0.1208810533333339
mp20-train-mvc-16572.cif,1.1044,-2.609684342999999
mp20-train-mp-864657.cif,2.2173,-1.6451244487500003
mp20-train-mp-865730.cif,0.0,-0.3506541733333339
mp20-train-mp-1177618.cif,1.7173000000000005,-2.3066942911954027
mp20-train-mp-1211294.cif,0.0,-1.0249940999999998
mp20-train-mp-37045.cif,0.0,-2.308334728214286
mp20-train-mp-753776.cif,0.0,-1.1218762734259258
mp20-train-mp-1668.cif,0.0,-0.811231003333333
mp20-train-mp-867270.cif,0.0,-0.5918615562500005
mp20-train-mp-16180.cif,3.1257,-2.1539753706211977
mp20-train-mp-1094439.cif,0.0,-0.0598192099999999
mp20-train-mp-30354.cif,0.0,-0.198988186333333
mp20-train-mp-1080622.cif,0.0,-2.163919056
mp20-train-mp-30349.cif,0.0,-0.2747109158333334
mp20-train-mp-1221781.cif,0.0228999999999999,-0.412021654655172
mp20-train-mp-866153.cif,0.0,-0.9830098508333328
mp20-train-mp-776323.cif,0.7747999999999999,-2.301106314833333
mp20-train-mp-1220006.cif,0.0,-0.1368687434615388
mp20-train-mvc-15272.cif,0.0,-0.7855157419999997
mp20-train-mp-1190311.cif,3.7876,-1.6307488364224136
mp20-train-mp-1070844.cif,0.0,-1.2336300216666665
mp20-train-mp-30244.cif,3.5667,-2.287609636428571
mp20-train-mp-1189549.cif,3.5461,-0.5877765620833335
mp20-train-mp-541150.cif,0.0,-2.1088623355172422
mp20-train-mp-1220096.cif,0.0,-0.0438443623809519
mp20-train-mp-9676.cif,1.0602,-0.5003233475086208
mp20-train-mp-1224007.cif,2.7065,-2.528745401505173
mp20-train-mp-1293376.cif,0.0,-1.6735882615000002
mp20-train-mp-998429.cif,1.8303,-1.8597583668333333
mp20-train-mp-1185393.cif,0.0,-0.5906647933333335
mp20-train-mp-1179515.cif,0.0,-0.4708762724999982
mp20-train-mp-1103290.cif,5.7238,-0.3063384316666664
mp20-train-mp-1017981.cif,0.0,0.001088535
mp20-train-mp-1186338.cif,0.0,-0.4487003191666661
mp20-train-mp-12802.cif,0.0,-0.1894391937500001
mp20-train-mp-763609.cif,0.7011000000000003,-2.0622595375257107
mp20-train-mp-866116.cif,0.0,-0.3949059775000005
mp20-train-mp-555358.cif,0.0,-1.6207081895625002
mp20-train-mp-780883.cif,0.1124999999999998,-2.528338046532568
mp20-train-mp-1222671.cif,0.0,-0.2899770766666669
mp20-train-mp-983229.cif,0.0,-0.4993493412499994
mp20-train-mvc-16811.cif,0.0150000000000001,-1.9947430055993425
mp20-train-mp-1103015.cif,0.0,-0.1142353750000009
mp20-train-mp-1219188.cif,0.0,-0.7351056791666662
mp20-train-mp-159.cif,0.0,0.0090101799999997
mp20-train-mp-2694.cif,0.0,-0.5010386950000001
mp20-train-mp-1223095.cif,2.1281,-3.167949628947368
mp20-train-mp-19086.cif,0.5262000000000002,-2.051542814583334
mp20-train-mp-754556.cif,0.7190999999999996,-0.9742971606250012
mp20-train-mp-569696.cif,0.0,-0.4967639120000001
mp20-train-mp-1185121.cif,0.0,-0.2986286600000003
mp20-train-mp-755142.cif,3.378400000000001,-3.569737777142857
mp20-train-mp-25405.cif,0.1784000000000001,-2.155606396145833
mp20-train-mp-1209526.cif,0.0,-0.9044483943749988
mp20-train-mp-1186508.cif,0.0,-0.5456066875000003
mp20-train-mp-1247173.cif,0.0,-1.1399617391995065
mp20-train-mp-1223096.cif,0.0,-0.0885969401754389
mp20-train-mp-571249.cif,0.0,0.0136797416666668
mp20-train-mp-864734.cif,0.0,-0.6887904774999996
mp20-train-mp-1187348.cif,0.0,-0.8747125250000005
mp20-train-mp-23353.cif,0.8462000000000001,-0.4456140721428566
mp20-train-mp-2090.cif,0.0,-0.0679299675000004
mp20-train-mp-1217476.cif,0.0,-1.1120193699999994
mp20-train-mp-1232213.cif,0.2214,-1.8552613121180552
mp20-train-mp-1186713.cif,0.0,0.0303695650000008
mp20-train-mp-1226069.cif,0.0,-0.3011047741666672
mp20-train-mp-1208115.cif,2.3775,-1.96525262
mp20-train-mp-23206.cif,0.0,-0.3124720299999994
mp20-train-mp-1187320.cif,0.0,0.0389127166666665
mp20-train-mp-866009.cif,0.0,-0.4972510850000002
mp20-train-mp-1219358.cif,0.0,-0.394495845833332
mp20-train-mp-753230.cif,2.2938,-1.836075004833333
mp20-train-mp-862560.cif,0.2079999999999999,-1.4349594700000006
mp20-train-mp-1113480.cif,0.9802000000000002,-1.6236489792528732
mp20-train-mp-867201.cif,0.0,-0.3889139775000001
mp20-train-mp-7035.cif,3.9401,-2.8907376321875
mp20-train-mp-1104447.cif,0.0,-1.5426394707857136
mp20-train-mp-562182.cif,3.4382999999999995,-2.644601011
mp20-train-mp-1227008.cif,0.3029999999999999,-0.5594440459375001
mp20-train-mp-1095380.cif,0.0,-0.7968139186111122
mp20-train-mp-8406.cif,0.0449999999999999,-0.9939837316666668
mp20-train-mp-1221389.cif,0.0,-0.1251000552909484
mp20-train-mp-765618.cif,0.2129999999999998,-2.2354121152825672
mp20-train-mp-20790.cif,2.4231000000000003,-0.6955120493055554
mp20-train-mp-1205315.cif,0.7824000000000004,-1.799173972083333
mp20-train-mp-1222555.cif,0.0,-0.3218707740277781
mp20-train-mp-30147.cif,0.0,-0.9835340377777774
mp20-train-mp-2462.cif,0.0,-0.1482280758333332
mp20-train-mp-1102578.cif,0.0,-0.5533032387878788
mp20-train-mp-1215230.cif,0.0,-0.2154376816762457
mp20-train-mp-1519250.cif,1.7541000000000002,-2.875165659666666
mp20-train-mp-1222697.cif,0.0,-2.3481264815625007
mp20-train-mp-558830.cif,3.1571,-1.7651734011111109
mp20-train-mp-1206423.cif,0.0,-0.48896008
mp20-train-mp-1188529.cif,0.0,-1.9372036492758613
mp20-train-mp-903.cif,0.0,-0.0322882483333325
mp20-train-mp-1112480.cif,1.5315,-1.507348840766666
mp20-train-mp-1101915.cif,0.0561999999999995,-1.5280143406060605
mp20-train-mp-1223506.cif,0.0,-2.122190942333333
mp20-train-mp-675458.cif,1.3933999999999995,-1.4724935314285723
mp20-train-mp-1212891.cif,0.0,-0.6027767387500003
mp20-train-mp-27478.cif,4.2205,-3.648433909971265
mp20-train-mp-9210.cif,0.0,-1.9801573642857144
mp20-train-mp-1217801.cif,0.9508,-2.6552120900000005
mp20-train-mp-18966.cif,1.1887,-1.2157479266666664
mp20-train-mp-15323.cif,0.0,-0.3808675851851844
mp20-train-mp-5575.cif,0.2698,-3.688745990833334
mp20-train-mp-981312.cif,0.0,-0.1183312262499995
mp20-train-mp-982380.cif,0.0,-0.034756183888889
mp20-train-mp-20066.cif,6.6402,-1.7701240000000005
mp20-train-mp-1225340.cif,0.0,-1.2441751757142856
mp20-train-mp-1103936.cif,0.0,-0.1367148390450934
mp20-train-mp-1523171.cif,0.0907,-2.8015963611551724
mp20-train-mp-1220689.cif,0.0,-0.1879299375000001
mp20-train-mp-1114295.cif,0.0,-1.3405449134195404
mp20-train-mp-1217593.cif,0.0,-0.3943992430769229
mp20-train-mp-4002.cif,6.481,-3.681093611296296
mp20-train-mp-1219212.cif,0.0,-0.1078225442105259
mp20-train-mp-1018764.cif,0.0,-0.8720630533333331
mp20-train-mp-25279.cif,2.3444000000000003,-2.289021817142858
mp20-train-mp-1216123.cif,0.0,-0.4090707905555544
mp20-train-mp-29644.cif,0.7192999999999996,-0.4537121812499999
mp20-train-mp-971739.cif,0.0,-0.3600096324999997
mp20-train-mp-1216573.cif,0.0,-0.5385224527777783
mp20-train-mp-1218520.cif,3.913,-3.4399821945238096
mp20-train-mp-10246.cif,1.3934000000000002,-1.061307894870689
mp20-train-mp-1227786.cif,3.0697,-3.2043670542708336
mp20-train-mp-1251059.cif,3.1454000000000004,-2.8450809895000004
mp20-train-mp-569818.cif,0.0,-0.7995622742857142
mp20-train-mp-1206599.cif,0.0,-0.4366428670000005
mp20-train-mp-19035.cif,0.0,-2.1434141710000008
mp20-train-mp-865927.cif,0.0,-3.607635738166668
mp20-train-mp-1783.cif,0.0,-0.7233406855280169
mp20-train-mp-1190287.cif,3.5975,-1.9618601795833328
mp20-train-mp-1224152.cif,0.0,-0.0749492707692317
mp20-train-mp-1184636.cif,0.0,-0.2495066475000005
mp20-train-mp-1219936.cif,0.0,-0.7210870933333334
mp20-train-mp-569548.cif,0.709,-1.221344844086207
mp20-train-mp-1079656.cif,1.044,-1.5522377998958334
mp20-train-mp-567597.cif,0.0,0.0495451799999999
mp20-train-mp-1209398.cif,3.3815,-2.7339250444642857
mp20-train-mp-1227045.cif,0.0,-0.5539856800000003
mp20-train-mp-865560.cif,0.0,-0.4065234083333324
mp20-train-mp-1219830.cif,0.0,-0.2625691524999999
mp20-train-mp-977568.cif,0.0,-0.73595679625
mp20-train-mp-505531.cif,0.0,-0.7579213340625008
mp20-train-mp-1111651.cif,3.1839,-1.7628722627551716
mp20-train-mp-752413.cif,3.8404,-3.669892503571429
mp20-train-mp-1101405.cif,0.3178999999999999,-1.1169585916666662
mp20-train-mp-10183.cif,0.0,-0.6273420399999997
mp20-train-mp-1223111.cif,0.0,-0.8191176007142852
mp20-train-mp-1228810.cif,1.4914000000000005,-0.6734101941145845
mp20-train-mp-1205409.cif,0.0231000000000003,-1.0114762187037027
mp20-train-mp-1208480.cif,0.0,-0.7006076575
mp20-train-mp-1039463.cif,0.0,-0.0436135866666666
mp20-train-mp-1226064.cif,0.0,-0.6225586329166669
mp20-train-mp-19905.cif,0.0,-0.4335706625000005
mp20-train-mp-756506.cif,2.6805,-2.1026182450000004
mp20-train-mp-1216876.cif,0.0,-0.4034869263541658
mp20-train-mp-755976.cif,1.3587000000000002,-2.2890275297298843
mp20-train-mp-28916.cif,0.0,-0.1574625457586208
mp20-train-mp-1213070.cif,0.0,-0.6127316216666662
mp20-train-mp-646399.cif,0.0,-0.6491323519999994
mp20-train-mp-560338.cif,3.0873,-3.0417904968750005
mp20-train-mp-1106367.cif,1.0475,-0.1875391529999994
mp20-train-mp-1176480.cif,0.2258,-2.519970947643679
mp20-train-mp-1221404.cif,1.2358000000000002,-1.0838946251562511
mp20-train-mp-3248.cif,3.6687,-2.8467551558333333
mp20-train-mp-1223378.cif,4.9142,-2.12241746692069
mp20-train-mp-1078184.cif,0.0,-1.5472177235714273
mp20-train-mp-29733.cif,0.0,-0.2003098233333329
mp20-train-mp-1516433.cif,2.9563,-3.3644902615
mp20-train-mp-30254.cif,0.0,-0.5190108482222219
mp20-train-mp-865400.cif,0.0,-1.0824681099999998
mp20-train-mp-1104019.cif,0.0,-0.9246870107142858
mp20-train-mp-1102432.cif,0.1141999999999998,-1.0307644081818177
mp20-train-mp-1174024.cif,0.7245999999999997,-1.7761986560165235
mp20-train-mp-1184409.cif,0.0,-0.2192834275000006
mp20-train-mp-1183484.cif,0.0,0.0063997075000001
mp20-train-mp-30714.cif,0.0,-0.2232591443859647
mp20-train-mp-1205711.cif,0.0,-0.6903757630000001
mp20-train-mp-1222353.cif,0.0434999999999998,-1.771844245180623
mp20-train-mp-639863.cif,0.0,-0.8073279281249999
mp20-train-mp-1078586.cif,0.0,-0.3216713252777765
mp20-train-mp-1212203.cif,0.0,-0.7777375249999992
mp20-train-mp-1223437.cif,0.0,-0.4760772037500004
mp20-train-mp-755127.cif,0.0,-1.074027089047619
mp20-train-mp-29882.cif,1.6597,-1.4832804910862063
mp20-train-mp-1206125.cif,0.0,-0.9578654943333332
mp20-train-mp-1187928.cif,0.0,-0.3680405991666666
mp20-train-mp-32884.cif,1.3054,-0.2169245338194443
mp20-train-mvc-2250.cif,0.0,-1.305266932833333
mp20-train-mp-1220988.cif,0.6507000000000001,-0.655458495466954
mp20-train-mp-549709.cif,1.4576000000000002,-2.47558503125
mp20-train-mp-570631.cif,0.0,-0.7932439153333334
mp20-train-mp-1114337.cif,2.2704,-2.4627341681436783
mp20-train-mp-570256.cif,1.5935,-0.5145419697619048
mp20-train-mp-1087504.cif,0.5176000000000003,-0.2960676203750001
mp20-train-mp-864903.cif,0.0,-0.3587628200000008
mp20-train-mp-1212824.cif,0.0,-0.3919059399999999
mp20-train-mp-11317.cif,0.0,-0.008342445833333
mp20-train-mp-865421.cif,0.0,-0.1460182868749999
mp20-train-mp-1025066.cif,0.0,-0.1576614316666666
mp20-train-mp-1095134.cif,0.0,-0.6774011637499999
mp20-train-mp-1187657.cif,0.0,-0.2616038895833328
mp20-train-mp-1184131.cif,0.0,-0.3219052304166663
mp20-train-mp-866074.cif,0.0,-0.2950109508333329
mp20-train-mp-752465.cif,2.0645,-3.200468371388889
mp20-train-mp-21229.cif,0.0,-0.5534144130000002
mp20-train-mp-15155.cif,2.019,-3.3553108478296148
mp20-train-mp-569581.cif,0.0,-0.2104985866666666
mp20-train-mp-675.cif,0.0,-0.1452610433333324
mp20-train-mvc-14834.cif,4.7129,-3.964886146041666
mp20-train-mp-38220.cif,3.0358,-1.3983153205
mp20-train-mp-559736.cif,1.6427,-1.742928334333334
mp20-train-mp-1282563.cif,0.9107999999999998,-1.405971088591955
mp20-train-mp-1674.cif,0.0,-2.072376148671875
mp20-train-mp-19282.cif,3.4564,-2.6644351123333343
mp20-train-mp-1078832.cif,0.0,-0.6468923769444446
mp20-train-mp-1217605.cif,1.6550000000000002,-1.350240770729166
mp20-train-mp-21450.cif,0.0,-0.8071238259999994
mp20-train-mp-755683.cif,1.0845,-1.5978888427586198
mp20-train-mp-19147.cif,3.3914000000000004,-1.6550596940000006
mp20-train-mp-8045.cif,0.0,-0.8855355611111122
mp20-train-mp-1018647.cif,0.0,-0.6689595129999993
mp20-train-mp-1079794.cif,0.0,-0.5493624577777775
mp20-train-mp-569304.cif,2.6904,0.0
mp20-train-mp-989523.cif,4.573200000000001,-2.8027158041551723
mp20-train-mp-2484.cif,0.0,-0.4611039275000008
mp20-train-mp-866811.cif,0.7673999999999994,-1.3143877423750006
mp20-train-mp-1025536.cif,0.0,-0.6158863662499998
mp20-train-mp-555984.cif,0.0,-1.0076064571874994
mp20-train-mp-2449.cif,0.0,-0.4999517000000004
mp20-train-mp-1105973.cif,0.7889000000000004,-1.3090245847135416
mp20-train-mp-1112669.cif,5.0999,-2.48991958791954
mp20-train-mp-9687.cif,1.4328999999999998,-0.4859778810833335
mp20-train-mp-1185337.cif,0.0,-0.1764687570833333
mp20-train-mp-867180.cif,2.5717,-2.322306783875
mp20-train-mp-862946.cif,0.0,-0.2840828085416667
mp20-train-mp-1183611.cif,0.0,0.0395157137500001
mp20-train-mp-1105549.cif,1.7488999999999997,-2.1403473643750006
mp20-train-mp-23959.cif,5.4404,-2.191580785166666
mp20-train-mp-9321.cif,0.9290999999999996,-2.2084400275
mp20-train-mp-510311.cif,0.0,-0.4109343816666667
mp20-train-mp-1215517.cif,0.0,-0.2559635263218401
mp20-train-mp-1094479.cif,0.0,0.0566442599999996
mp20-train-mp-754178.cif,1.0959,-2.7034424318914803
mp20-train-mp-754212.cif,3.9768,-1.9773868292592591
mp20-train-mp-770627.cif,0.1892,-2.021164396824714
mp20-train-mp-12912.cif,0.1501000000000001,-2.737935526
mp20-train-mp-1219800.cif,0.0,-0.4018656248148144
mp20-train-mp-34467.cif,1.8997,-1.0108555210714287
mp20-train-mp-4535.cif,3.4151,-3.0369261724999994
mp20-train-mp-1209696.cif,0.0068999999999999,-0.1960012905263158
mp20-train-mp-13385.cif,1.8469,-0.8343932194062497
mp20-train-mp-865422.cif,0.0,-0.8230888541666666
mp20-train-mp-17112.cif,1.348,-0.2773652786249996
mp20-train-mp-768.cif,0.0,-0.4137811016666672
mp20-train-mp-21293.cif,0.0,-0.297633832
mp20-train-mp-862748.cif,0.0,-1.5065240812515963
mp20-train-mp-1298446.cif,0.7963,-2.705393252270114
mp20-train-mp-972540.cif,0.0,-0.3447736954166664
mp20-train-mp-1215562.cif,0.1909,-1.6474878475
mp20-train-mp-648086.cif,0.0,-0.5400496362500009
mp20-train-mp-8621.cif,1.1039,-1.095113998137499
mp20-train-mp-560531.cif,2.6998,-2.6772693183333325
mp20-train-mvc-9843.cif,0.0,-3.475131783166666
mp20-train-mp-753081.cif,0.0,-1.2999585954545447
mp20-train-mp-760891.cif,0.0,-1.5967823269444448
mp20-train-mp-1183123.cif,0.0,0.0753139281249994
mp20-train-mp-1184738.cif,0.0,-0.4378609474999999
mp20-train-mp-1187409.cif,0.0,-0.0790112425
mp20-train-mp-1189143.cif,2.4146,-2.549987707155173
mp20-train-mp-9919.cif,0.415,-0.429644307777778
mp20-train-mp-23185.cif,2.8635,-0.8595150520000002
mp20-train-mp-757499.cif,0.0,-1.6105849779761905
mp20-train-mp-1102752.cif,0.0,-0.3251853593055547
mp20-train-mp-22538.cif,2.3513,-1.9750714904444449
mp20-train-mp-13396.cif,0.0,-0.4118246133333332
mp20-train-mp-768241.cif,3.8606,-3.0550026804545443
mp20-train-mp-1040464.cif,0.0,-1.6193355613103448
mp20-train-mp-862909.cif,0.0,-0.5594471156250007
mp20-train-mp-1358.cif,0.0,-0.828325865
mp20-train-mp-1220450.cif,0.0,0.0465077746153846
mp20-train-mp-1207861.cif,2.249,-1.8621805875
mp20-train-mp-977244.cif,0.0,-1.4390208879977422
mp20-train-mp-11091.cif,0.0,-0.895288776666667
mp20-train-mp-1206288.cif,0.0,-0.4639017321874998
mp20-train-mp-998786.cif,0.0,-1.696343830166667
mp20-train-mp-1209159.cif,4.1864,-2.5902458877083334
mp20-train-mp-636368.cif,0.5750000000000002,-0.2382503337499999
mp20-train-mp-1226586.cif,0.0,-0.4005039005555559
mp20-train-mp-15779.cif,0.0,-0.4694217799999999
mp20-train-mp-1215561.cif,0.0,-0.3137299666666659
mp20-train-mp-1185940.cif,0.0,0.0206683050000003
mp20-train-mp-558849.cif,1.9197,-0.9495897177500006
mp20-train-mp-20058.cif,0.0,-0.8581777733333334
mp20-train-mp-862555.cif,0.0,-0.244003324166667
mp20-train-mp-9211.cif,0.0,-0.6830941547619044
mp20-train-mp-14445.cif,0.0,-0.6820188736666666
mp20-train-mp-505683.cif,0.0,-0.5698572408823516
mp20-train-mp-1025265.cif,0.0,-2.4865919951231525
mp20-train-mp-21167.cif,0.0,-0.477340455555555
mp20-train-mp-755705.cif,2.3508,-1.8595129873809528
mp20-train-mp-30974.cif,0.0,-1.638530627241379
mp20-train-mp-973314.cif,0.0,-0.9073335474999996
mp20-train-mp-862970.cif,0.0,-0.3087818118750003
mp20-train-mp-1184740.cif,0.0,-0.4791025699999998
mp20-train-mp-31116.cif,3.8973,-3.950563378
mp20-train-mp-1069604.cif,0.0,-0.6007957180000005
mp20-train-mp-675977.cif,0.6392999999999995,-0.4481194769791665
mp20-train-mp-22947.cif,1.142,-1.6840062534444442
mp20-train-mp-1212934.cif,0.0,-0.6463387833333331
mp20-train-mp-865326.cif,0.0,-1.1573441349999998
mp20-train-mp-561639.cif,1.7504,-0.973340121045259
mp20-train-mp-1101917.cif,0.6355000000000004,-0.4918195029166667
mp20-train-mp-1105569.cif,0.0,-0.0066535138596494
mp20-train-mp-1217576.cif,1.1108000000000002,-1.0528301420000006
mp20-train-mp-4584.cif,1.3066999999999998,-1.6481950663095242
mp20-train-mp-21409.cif,0.0001000000000002,-0.8333146546428571
mp20-train-mp-16478.cif,0.0,-0.8169627084999987
mp20-train-mp-1206629.cif,0.0,-0.5437798733333329
mp20-train-mp-1113577.cif,1.4771,-1.5560246577528734
mp20-train-mp-1105716.cif,0.0,-0.8674982341666659
mp20-train-mp-1215437.cif,0.0,-0.0163545133333333
mp20-train-mp-11570.cif,0.0,-0.4413184287499998
mp20-train-mp-9870.cif,2.691,-3.0601646518666663
mp20-train-mp-559161.cif,0.0,-2.614669374375
mp20-train-mp-1216950.cif,0.0,-0.3679263008333331
mp20-train-mp-567636.cif,0.5303000000000004,-0.2752233499999998
mp20-train-mp-867913.cif,0.0,-0.6005650058333334
mp20-train-mp-1103038.cif,0.0,-0.4885298683333339
mp20-train-mp-171.cif,0.0,-0.2421437050000001
mp20-train-mp-989737.cif,0.0,0.0
mp20-train-mp-1025365.cif,0.0,-0.4104262064285708
mp20-train-mp-1246370.cif,0.9788,-0.7531313618518519
mp20-train-mp-862446.cif,0.0335999999999998,-0.7477774000000004
mp20-train-mp-30603.cif,0.0,-0.1164530316666668
mp20-train-mp-5578.cif,0.0,-0.4860821905555556
mp20-train-mp-1321525.cif,0.7295000000000003,-2.436274955952381
mp20-train-mp-27359.cif,0.0,-2.337752426586207
mp20-train-mp-1218719.cif,0.0,-2.475666856979166
mp20-train-mp-30412.cif,0.0,-0.0624939399999999
mp20-train-mp-20866.cif,0.0,-0.5031120362499992
mp20-train-mp-1521186.cif,0.681,-2.9106663045000003
mp20-train-mp-807.cif,0.0,-0.7909436693750003
mp20-train-mp-24620.cif,4.119,-2.035679783888889
mp20-train-mp-21252.cif,0.0,-0.4663097138888877
mp20-train-mp-1223766.cif,0.0,-0.3713176110666666
mp20-train-mp-2059.cif,0.0,-0.6680566124999991
mp20-train-mp-849274.cif,2.4666,-2.5197199436666664
mp20-train-mp-1188869.cif,0.0,-1.041123761499999
mp20-train-mp-984702.cif,0.0,-0.26686518125
mp20-train-mp-1102394.cif,0.0,-0.7659120259090909
mp20-train-mp-567540.cif,0.0,0.0116824320000002
mp20-train-mp-973603.cif,0.0,-0.6600365424999994
mp20-train-mp-25469.cif,5.311,-1.96581181125
mp20-train-mp-1208875.cif,1.9513000000000005,-2.8724035558333325
mp20-train-mp-27647.cif,1.3933,-0.7200521018750003
mp20-train-mp-1112161.cif,2.801,-1.311886984336207
mp20-train-mp-754588.cif,0.0,-2.558127146666667
mp20-train-mp-1187614.cif,0.0,-0.5494455274999996
mp20-train-mp-863729.cif,0.0,-0.57761874875
mp20-train-mp-1288025.cif,1.3272999999999997,-2.262333072449713
mp20-train-mp-1189645.cif,0.1695000000000002,-1.9433009655000009
mp20-train-mp-752726.cif,2.7472,-3.540931285714286
mp20-train-mp-16719.cif,0.0,-0.1751089261538462
mp20-train-mp-6253.cif,6.8545,-3.3575893394761898
mp20-train-mp-25250.cif,1.985,-2.506594604166666
mp20-train-mp-22414.cif,0.0626000000000002,-1.06674009596875
mp20-train-mp-1184427.cif,0.0,-0.3842131850000001
mp20-train-mp-1019535.cif,4.944,-3.4496475107692315
mp20-train-mp-1208560.cif,2.7749,-1.746011691041666
mp20-train-mp-1113369.cif,1.2413999999999996,-2.519207991086207
mp20-train-mp-1104877.cif,0.0,-1.285608973571429
mp20-train-mp-12645.cif,4.4183,-3.303178772083333
mp20-train-mp-1227835.cif,1.5650999999999995,-3.139647467988506
mp20-train-mp-1183732.cif,0.0,-0.0098956462500003
mp20-train-mp-1176505.cif,4.8879,-3.047581439375
mp20-train-mp-6144.cif,2.083,-3.415011667241379
mp20-train-mp-757023.cif,1.3735999999999997,-2.437314119499999
mp20-train-mp-1094796.cif,0.0,-0.0300804049999999
mp20-train-mp-4308.cif,0.0,-0.7729185841666668
mp20-train-mp-21105.cif,0.0,-0.4375793800000001
mp20-train-mp-1207237.cif,0.0,-0.5864738234999998
mp20-train-mp-16267.cif,1.3299,-1.9504607917857144
mp20-train-mp-1180782.cif,0.1663999999999998,-2.9312698911
mp20-train-mp-1080150.cif,0.3786,-1.0013741675260412
mp20-train-mp-570472.cif,2.3081,-0.8380086046666667
mp20-train-mp-1640048.cif,0.0,-1.5190580865
mp20-train-mp-1070925.cif,0.0,-1.2664611527777785
mp20-train-mp-675581.cif,0.0,-1.9827483435714288
mp20-train-mp-8018.cif,0.0,-2.4905675901111106
mp20-train-mp-20521.cif,0.0,-0.9114386112499996
mp20-train-mp-1025273.cif,3.127,-0.4096049036945811
mp20-train-mp-1220482.cif,0.0,-0.1859484350000002
mp20-train-mp-20784.cif,0.0,-1.346140738874999
mp20-train-mp-15637.cif,0.0,-2.107748910625
mp20-train-mp-1208362.cif,0.0,-0.3575084533333334
mp20-train-mp-1208877.cif,0.0,-2.6543522898809533
mp20-train-mp-1111579.cif,4.2661,-2.8126517781833336
mp20-train-mp-541771.cif,0.4790000000000001,-0.322097907142857
mp20-train-mp-21194.cif,0.0,-0.6688656849999989
mp20-train-mp-1071627.cif,0.0,-0.5417331941666674
mp20-train-mp-1054.cif,0.0,-0.3074840466666666
mp20-train-mp-1216594.cif,0.0,-0.612489708888889
mp20-train-mp-1025223.cif,0.0,-0.3938477414285718
mp20-train-mp-1221728.cif,0.0,-0.2939942034913798
mp20-train-mp-11393.cif,0.0,-0.3632177859999999
mp20-train-mp-755829.cif,3.6455,-2.227707467333334
mp20-train-mp-774146.cif,0.9203,-1.5388150179999998
mp20-train-mp-2858.cif,3.5401,-3.8136169366666657
mp20-train-mp-567670.cif,0.0,-0.465074824242424
mp20-train-mp-13093.cif,0.0,-0.6441747683333331
mp20-train-mp-1113749.cif,1.5839,-2.168841253666667
mp20-train-mp-1027292.cif,0.8476999999999997,-1.1128259361197916
mp20-train-mp-759110.cif,0.0,-2.12530886375479
mp20-train-mp-1212173.cif,0.0,-1.573454317647059
mp20-train-mp-1222944.cif,0.0,-3.15267821325
mp20-train-mp-3732.cif,0.0,-1.3781354611979155
mp20-train-mp-19723.cif,0.0,-1.3275644987499997
mp20-train-mp-1183555.cif,0.0,-0.3140630208333332
mp20-train-mp-1179773.cif,0.0,-0.8987212997916671
mp20-train-mp-998537.cif,1.3463,-2.0374686918333333
mp20-train-mp-10271.cif,0.0,-0.0176781769999998
mp20-train-mp-1188435.cif,0.0,-0.7372030588333324
mp20-train-mp-1216585.cif,2.0159,-1.1449828607291668
mp20-train-mp-756638.cif,0.9257999999999996,-2.2124864491666663
mp20-train-mp-1181681.cif,0.25,-1.8845315841410653
mp20-train-mp-515.cif,0.0,-0.2782260449999998
mp20-train-mp-29157.cif,0.5757000000000003,-0.3719417977777771
mp20-train-mp-20480.cif,0.0,-0.2973302749999992
mp20-train-mp-510564.cif,0.0,-0.4411355428571428
mp20-train-mp-1186332.cif,0.0,0.0151405100000001
mp20-train-mp-862912.cif,0.0,-0.5898449331249997
mp20-train-mp-1219067.cif,0.1858999999999993,-0.4090981281578941
mp20-train-mp-1147677.cif,0.0,-1.2702626813333333
mp20-train-mp-1078613.cif,0.0,-1.28204155125
mp20-train-mp-2001.cif,0.0,-0.3647550187499999
mp20-train-mp-16613.cif,0.5988999999999995,-2.224651325
mp20-train-mp-1185233.cif,0.0478999999999998,-0.3089682133333333
mp20-train-mp-1179094.cif,1.5265000000000002,-0.6084976888888889
mp20-train-mp-1206416.cif,0.0,-0.3374741700000001
mp20-train-mp-1106177.cif,0.0,-0.3269528532499997
mp20-train-mp-1067933.cif,2.2622,-0.7264823090624999
mp20-train-mp-761066.cif,3.1657,-2.27730174998358
mp20-train-mp-1025422.cif,0.0,-0.44784278875
mp20-train-mp-1078716.cif,0.0,-2.588434383333334
mp20-train-mp-1095130.cif,0.0,-0.5740112500000004
mp20-train-mp-542587.cif,0.0,-0.4124680829999995
mp20-train-mp-1206857.cif,0.0,-0.8118994322222224
mp20-train-mp-1216628.cif,0.4399999999999995,-2.0764661288727253
mp20-train-mp-865736.cif,0.0,-0.7010860624999995
mp20-train-mp-1066254.cif,0.0,-0.8856769583333328
mp20-train-mp-1216923.cif,0.0,-0.1050958491732989
mp20-train-mp-1072024.cif,0.0,-0.6281606155555556
mp20-train-mp-1215269.cif,0.0,-0.0675892183333341
mp20-train-mp-1518284.cif,0.0,-2.3844003411666663
mp20-train-mp-14625.cif,0.0,-0.5672561199999997
mp20-train-mp-1028764.cif,0.7970000000000002,-0.9984103076562504
mp20-train-mp-1222960.cif,0.0,-0.2724289158333342
mp20-train-mp-1184930.cif,0.0,0.0025071737499997
mp20-train-mp-1217132.cif,0.0,-0.8218710538095247
mp20-train-mp-1227017.cif,0.0,-0.3117438649999999
mp20-train-mp-555013.cif,2.5485,-1.6070255934375002
mp20-train-mp-1190030.cif,0.6030999999999995,-1.0359919644999998
mp20-train-mp-3603.cif,0.0,-1.553639012592593
mp20-train-mp-1222396.cif,0.0,-2.0317334884895835
mp20-train-mp-757163.cif,3.1595000000000004,-2.945039713541667
mp20-train-mp-1205511.cif,0.6835999999999998,-0.4362603463333336
mp20-train-mvc-13940.cif,2.4449,-3.1797933768750006
mp20-train-mp-1226545.cif,0.0,-0.851111084
mp20-train-mp-761524.cif,0.0,-1.8374216190000008
mp20-train-mp-1244572.cif,1.0894,-2.462564812666668
mp20-train-mp-21316.cif,0.0,-0.8201872766666677
mp20-train-mp-1213011.cif,0.0,-0.889270207500001
mp20-train-mp-556275.cif,3.7232,-2.527796269230769
mp20-train-mp-36539.cif,1.0922999999999998,-0.9112821656718744
mp20-train-mp-552008.cif,1.4562,-2.46823553625
mp20-train-mp-7107.cif,0.0,-1.010759634
mp20-train-mp-1007637.cif,2.8834,-0.2208776923879312
mp20-train-mp-561118.cif,2.0323,-1.0619869378124998
mp20-train-mp-644278.cif,0.0,-0.6013333746666667
mp20-train-mp-554702.cif,5.6395,-3.5805220676034484
mp20-train-mp-1072011.cif,0.0,-0.3210888250000003
mp20-train-mp-1205786.cif,0.0,-0.2560295000000011
mp20-train-mp-1308540.cif,1.5376,-1.9248406399999995
mp20-train-mp-20059.cif,0.0,-0.5708625418103447
mp20-train-mp-1543154.cif,2.8029,-3.0192252341163788
mp20-train-mp-1220405.cif,0.0,-0.6348436445000004
mp20-train-mp-1068348.cif,0.0,-0.6041801793333328
mp20-train-mp-865374.cif,0.0,-0.634575039583333
mp20-train-mp-754145.cif,4.6812,-3.987567189999999
mp20-train-mp-11121.cif,2.0651,-1.5936069816603808
mp20-train-mp-1184111.cif,0.0,-0.1906970874999998
mp20-train-mp-28065.cif,2.5009,-2.4361165766666666
mp20-train-mp-22643.cif,0.0,-0.7197625077777777
mp20-train-mp-1100874.cif,4.7952,-3.494467149166666
mp20-train-mp-4888.cif,3.1977,-2.9073025811904776
mp20-train-mp-1219720.cif,0.5415999999999999,-0.6725729151562495
mp20-train-mp-997161.cif,0.5222999999999995,-0.95989146375
mp20-train-mp-8016.cif,0.8932000000000002,-0.8615172974218748
mp20-train-mp-1227369.cif,0.0,-2.9686241681666674
mp20-train-mp-1111970.cif,6.7914,-3.51872519424138
mp20-train-mp-762163.cif,0.0,-2.470161345766284
mp20-train-mp-1001615.cif,0.0,-1.5925949670052084
mp20-train-mp-976347.cif,7.1691,0.0009691225
mp20-train-mp-1217619.cif,0.0,-0.3766834833333337
mp20-train-mp-1209832.cif,0.0,-1.4639771848717946
mp20-train-mp-1224642.cif,0.0,-0.4218209808333337
mp20-train-mp-1208995.cif,3.6697,-2.9288678845
mp20-train-mp-22876.cif,2.0157000000000003,-1.1166632701077588
mp20-train-mp-976765.cif,0.0,-0.183987302413793
mp20-train-mp-1597.cif,0.0,-3.75044424
mp20-train-mp-761819.cif,1.2894,-1.9387607761666672
mp20-train-mp-30705.cif,0.0,-0.4482766617592588
mp20-train-mp-2724.cif,0.0,-1.23671418
mp20-train-mp-2396.cif,0.0,-0.2234077916666675
mp20-train-mp-1224401.cif,0.0,-0.3025897822222217
mp20-train-mp-1103738.cif,0.0,-2.1345082053571423
mp20-train-mp-12075.cif,0.0,-0.4320059956666668
mp20-train-mp-1112111.cif,1.8482,-1.2182920429195403
mp20-train-mp-1226118.cif,0.5579,-1.8089218195402288
mp20-train-mp-756207.cif,1.6204,-1.8390896519047624
mp20-train-mp-1078299.cif,0.0,-0.4384958306666661
mp20-train-mp-8965.cif,1.8223,-1.033662743513889
mp20-train-mp-1224848.cif,1.2685,-0.6767720855059528
mp20-train-mp-1226229.cif,0.0,-0.1426716800000012
mp20-train-mp-1522152.cif,0.4308000000000005,-3.169362627000001
mp20-train-mp-974638.cif,0.0,-0.3246561225
mp20-train-mp-1228338.cif,0.0,-2.2025722625
mp20-train-mp-1222100.cif,1.858,-1.2002251691406252
mp20-train-mp-22408.cif,0.8425000000000002,-1.2843806087500012
mp20-train-mp-1209267.cif,0.0,-3.076519836666668
mp20-train-mp-1206116.cif,0.0,-0.5054407183333339
mp20-train-mp-5394.cif,1.488099999999999,-3.4207003635416675
mp20-train-mp-2630.cif,1.7674,0.0277743277777785
mp20-train-mp-1213089.cif,4.8426,-2.684556274468391
mp20-train-mp-11185.cif,0.0,-0.8707351482142849
mp20-train-mp-1103281.cif,1.7027,-0.3842899041666665
mp20-train-mp-752843.cif,0.0,-2.528767318095238
mp20-train-mp-1189967.cif,0.0,-0.0757506074999998
mp20-train-mp-1224000.cif,0.9116,-0.4911283930208334
mp20-train-mp-1183989.cif,0.0,-0.0984353757327585
mp20-train-mp-20758.cif,2.7793,-2.135996312142858
mp20-train-mp-1095666.cif,0.0,-0.2841044325000001
mp20-train-mp-760513.cif,1.7900999999999998,-3.892252445555556
mp20-train-mp-1112527.cif,1.9339,-1.8398400215747124
mp20-train-mp-27814.cif,2.6958,-0.40680979625
mp20-train-mp-1185836.cif,0.0,-0.1602123975
mp20-train-mp-569352.cif,0.0,-0.3193517799999998
mp20-train-mp-1216803.cif,0.0,-0.2362896249999998
mp20-train-mp-1217471.cif,2.6289,-4.183655724999999
mp20-train-mp-1174492.cif,0.0,-2.118314728153736
mp20-train-mp-1114663.cif,3.4899,-2.209568519333333
mp20-train-mp-6066.cif,3.3624,-2.731204617068965
mp20-train-mp-1295063.cif,2.3451,-2.2873602114080462
mp20-train-mp-1232216.cif,0.0,-1.9190648907291663
mp20-train-mp-862711.cif,0.0,-0.3739583249999993
mp20-train-mp-1104548.cif,0.0,-0.2514955592307702
mp20-train-mp-1186469.cif,0.0,-0.6122230462499996
mp20-train-mp-1223498.cif,2.3040000000000003,-3.3867571357272728
mp20-train-mp-1219044.cif,0.0,-0.2734391354166667
mp20-train-mp-1188713.cif,0.0,-2.559092156499999
mp20-train-mp-11713.cif,1.9728,-0.2017107819999992
mp20-train-mp-1225724.cif,1.4382,-1.0680360549107146
mp20-train-mp-1716.cif,0.5693000000000001,-1.0714212435000008
mp20-train-mp-1095057.cif,0.0,-0.1656716337500006
mp20-train-mp-643273.cif,0.0,-0.1785529244252875
mp20-train-mp-1217539.cif,3.4486000000000003,-3.4786234863888885
mp20-train-mp-1520523.cif,3.5885,-3.078299941166667
mp20-train-mp-865220.cif,0.0,-0.3391449212499999
mp20-train-mp-13025.cif,0.0,-0.7405755458333333
mp20-train-mp-571275.cif,0.0,-1.098118748758082
mp20-train-mp-755453.cif,0.0,-0.3209232902528732
mp20-train-mp-7432.cif,0.0,-0.5831727413333336
mp20-train-mp-861875.cif,0.0,-0.2072521545833332
mp20-train-mp-1229031.cif,0.0,-0.0556245116666662
mp20-train-mp-1219667.cif,0.0,-0.3459220287499995
mp20-train-mp-1101049.cif,0.0,-1.6001579289285723
mp20-train-mp-21003.cif,0.0,-0.4198330991666665
mp20-train-mp-866181.cif,0.0,-0.3154612516666666
mp20-train-mp-4093.cif,0.0,-1.8671725974358968
mp20-train-mp-4595.cif,0.0,-0.4625551925
mp20-train-mp-4854.cif,0.0,-0.7135552233333335
mp20-train-mp-1227831.cif,0.0447000000000001,-2.0322104285
mp20-train-mp-1224994.cif,0.3873999999999999,-0.583754871210937
mp20-train-mp-1103515.cif,1.8873,-2.191047990206897
mp20-train-mp-1215353.cif,0.0,-0.6741354762499997
mp20-train-mp-1111000.cif,3.4532,-2.5303143327988504
mp20-train-mp-7818.cif,0.0,-0.2547171774687499
mp20-train-mp-1205785.cif,0.0,-0.5112970081724143
mp20-train-mp-3161.cif,0.1425999999999998,-0.1912657044444448
mp20-train-mp-1013527.cif,0.9116,-0.2687087704166666
mp20-train-mp-1177394.cif,0.9579,-2.202754494820402
mp20-train-mp-984769.cif,0.0,-0.2290565891666665
mp20-train-mp-582736.cif,0.0,-0.8096181210000004
mp20-train-mp-1185885.cif,0.0,-0.0156236558333333
mp20-train-mp-22460.cif,0.0,-0.2549310091666665
mp20-train-mp-1228079.cif,0.5038999999999998,-2.586679094333333
mp20-train-mp-762390.cif,1.2639,-2.419177853958333
mp20-train-mp-976972.cif,0.0,-0.274456006666667
mp20-train-mp-31057.cif,0.0,-1.0780871689999998
mp20-train-mp-1225887.cif,2.5019,-1.3304380035028736
mp20-train-mp-1221109.cif,0.0,-0.5531380992307695
mp20-train-mp-1219387.cif,0.0,-0.3028981169230768
mp20-train-mp-1112967.cif,4.7867,-2.4893292630459767
mp20-train-mp-20785.cif,0.0,-0.4356301279999997
mp20-train-mp-1225833.cif,2.2369,-2.7790138164367817
mp20-train-mp-862683.cif,0.0,-0.2578949756250006
mp20-train-mp-567771.cif,3.2736,-1.3144629106666674
mp20-train-mp-30818.cif,0.0,-0.7033226466666664
mp20-train-mp-8762.cif,2.6707,-2.97457418575
mp20-train-mp-556584.cif,3.7268,-3.805338757999999
mp20-train-mp-1221415.cif,0.0,-1.4274837850201152
mp20-train-mp-1183083.cif,0.0,0.0574380964583332
mp20-train-mp-1095370.cif,0.0,-0.5308472799479164
mp20-train-mp-570863.cif,0.0,-0.1365869737499991
mp20-train-mp-5682.cif,0.0,-0.8276190159999992
mp20-train-mp-1094322.cif,0.0,0.061620037222223
mp20-train-mp-1106351.cif,0.0,-0.3349652788235301
mp20-train-mp-862925.cif,0.0,-0.8165784718750002
mp20-train-mp-8954.cif,0.0,-1.133137701562499
mp20-train-mp-30493.cif,0.0,-0.4441457899999999
mp20-train-mp-865426.cif,0.0,-0.367166815833333
mp20-train-mp-1080768.cif,0.0,-0.9114380549999994
mp20-train-mp-1187373.cif,0.0,0.0319081100000007
mp20-train-mp-85.cif,0.0,0.03681058
mp20-train-mp-1070356.cif,0.7244999999999999,-0.967251135
mp20-train-mp-1186140.cif,0.0,-0.3577942016379309
mp20-train-mp-1079260.cif,0.6560999999999999,-0.7459355586718752
mp20-train-mp-1079988.cif,0.0,-0.638465592
mp20-train-mp-1106279.cif,2.348,-0.746196726875
mp20-train-mp-22717.cif,0.0,-0.6137339812500002
mp20-train-mp-1217942.cif,0.0,-0.6862581322222228
mp20-train-mp-3822.cif,4.4424,-2.700389593833333
mp20-train-mp-30650.cif,0.0,-0.1367871636111108
mp20-train-mp-1975.cif,0.306,-2.002031230833333
mp20-train-mp-1078693.cif,0.2896999999999998,-1.956166578125
mp20-train-mp-1222938.cif,0.0,-1.1189073550000002
mp20-train-mp-19985.cif,1.4562000000000004,-0.5606712004062502
mp20-train-mp-1181033.cif,0.0,-0.6220623202083324
mp20-train-mp-1176519.cif,1.6624999999999996,-2.4438503802083344
mp20-train-mp-759764.cif,1.7426,-2.484498590999999
mp20-train-mp-1207160.cif,0.0,-1.747991989444445
mp20-train-mp-1220866.cif,0.0,-0.4808854944252878
mp20-train-mp-862379.cif,0.0,-0.2435284091666663
mp20-train-mp-1184708.cif,1.5269,-0.8952994266666666
mp20-train-mp-31447.cif,0.0,-0.4172827305555551
mp20-train-mp-865438.cif,0.0,-0.5954208708333333
mp20-train-mp-1080508.cif,0.0,-0.9559729059999996
mp20-train-mp-781081.cif,3.1159,-2.691684579500001
mp20-train-mp-1184973.cif,0.6976000000000004,-0.4658388675
mp20-train-mp-1522279.cif,1.6524,-2.764965810000001
mp20-train-mp-568264.cif,2.1817,-0.7656431965624998
mp20-train-mp-23548.cif,0.0,-1.005087346333334
mp20-train-mp-568006.cif,0.0,-0.0458185833333336
mp20-train-mp-1018783.cif,0.0,-0.1226927041666664
mp20-train-mp-1226653.cif,0.0,-0.5836828124999999
mp20-train-mp-1208858.cif,1.8842,-2.857855403333333
mp20-train-mp-756979.cif,0.6579000000000002,-1.5790440780000004
mp20-train-mp-1105394.cif,1.2898,-3.104694236833333
mp20-train-mp-1185265.cif,0.0,-0.3851539312500001
mp20-train-mp-541753.cif,0.0,-1.4665058389846746
mp20-train-mp-1112173.cif,0.0,-1.2960582645999998
mp20-train-mp-759093.cif,3.63,-3.017921556252874
mp20-train-mp-22691.cif,0.8635000000000002,-0.7424475686718752
mp20-train-mp-1025113.cif,0.0,-0.7952876483333332
mp20-train-mp-31433.cif,0.0,-0.2990120849999999
mp20-train-mp-2283.cif,0.0,-0.2916847825000008
mp20-train-mp-1209950.cif,0.0,-1.3731019660344828
mp20-train-mp-28567.cif,4.8768,-2.930694927222222
mp20-train-mp-28638.cif,0.0,-1.2443383499999996
mp20-train-mp-1218915.cif,0.4022999999999994,-0.55116507375
mp20-train-mp-1246966.cif,0.8926000000000003,-1.6449209453571427
mp20-train-mp-1114677.cif,3.8167,-2.83706559075
mp20-train-mp-1224996.cif,0.0,-3.110110309473685
mp20-train-mp-637255.cif,0.0,-0.3079682393333343
mp20-train-mp-1078713.cif,0.0,-1.0670675959999998
mp20-train-mp-1217070.cif,0.0,-0.7325720404166685
mp20-train-mp-1185211.cif,0.0,0.0383605662499988
mp20-train-mp-1094587.cif,0.0,-0.0464490661111112
mp20-train-mp-1219047.cif,0.0,-0.0839699303508774
mp20-train-mp-753192.cif,0.6568,-1.868423926428572
mp20-train-mp-768963.cif,3.3492,-2.804402015238096
mp20-train-mp-1520883.cif,0.0192999999999994,-3.0390397406666665
mp20-train-mp-1549.cif,0.0,-0.9877882775
mp20-train-mp-1225663.cif,0.0,-0.5018030058333333
mp20-train-mp-640444.cif,0.0,-0.5299976744444442
mp20-train-mp-1207169.cif,0.0,-0.514891703
mp20-train-mp-862842.cif,0.0,-0.5457301945833333
mp20-train-mp-1185174.cif,0.0,-0.7898833774999998
mp20-train-mp-1206446.cif,5.237,-3.5139932327500008
mp20-train-mp-23067.cif,1.3268,-1.5522497251111105
mp20-train-mp-1295957.cif,1.1424000000000003,-2.051823424
mp20-train-mp-8945.cif,4.7737,-3.552016595462963
mp20-train-mp-7632.cif,0.0,-0.558123895555555
mp20-train-mp-1798.cif,0.0,-0.0282076987499997
mp20-train-mp-1227296.cif,0.0,-0.3793144650000002
mp20-train-mp-1113343.cif,2.1383000000000005,-2.150023687
mp20-train-mp-979044.cif,0.0,-0.5853528058333328
mp20-train-mp-571122.cif,0.4521999999999999,-0.3531578699999998
mp20-train-mp-1187939.cif,0.0,-0.4862637362499997
mp20-train-mp-31411.cif,0.0,-0.2033422076923082
mp20-train-mp-1183791.cif,0.0,-0.338333355833333
mp20-train-mp-1025372.cif,0.0,-0.3030093704761896
mp20-train-mp-1028663.cif,0.7894000000000001,-0.9987038184895832
mp20-train-mp-32686.cif,0.0,-1.072464286666668
mp20-train-mp-1094090.cif,0.0,0.0190135609999998
mp20-train-mp-30491.cif,0.0,-0.0697974162499999
mp20-train-mp-1215629.cif,1.6198,-0.8975884122619046
mp20-train-mp-756029.cif,1.9501,-2.259993003000001
mp20-train-mp-554775.cif,0.0,-2.072768574375
mp20-train-mp-867213.cif,0.0,-0.6053599762499999
mp20-train-mp-1094580.cif,0.0,-0.0070275683333334
mp20-train-mp-1208946.cif,0.0,-2.222434192333334
mp20-train-mp-1104873.cif,0.0,-0.4290261189743587
mp20-train-mp-3284.cif,0.0,-0.9630233475
mp20-train-mp-864959.cif,0.0,-0.2643806037500003
mp20-train-mp-558610.cif,0.0,-2.519610521111111
mp20-train-mp-8896.cif,0.0,-0.554650667272726
mp20-train-mp-1078049.cif,1.9339000000000004,-1.0103613467857144
mp20-train-mp-30392.cif,0.0,-0.4769263791666667
mp20-train-mp-27487.cif,2.2802999999999995,-1.2077406073333337
mp20-train-mp-1101381.cif,1.4817,-2.2968673165
mp20-train-mp-27180.cif,2.8933,-2.357687295208334
mp20-train-mp-2955.cif,6.753900000000001,-3.4999177253103446
mp20-train-mp-1185667.cif,0.0,0.001180453836207
mp20-train-mp-975780.cif,0.0,-0.2826685287499999
mp20-train-mp-1217009.cif,0.0,-0.3878313383333331
mp20-train-mp-1205816.cif,0.0,-0.6878237769999999
mp20-train-mp-18733.cif,3.8711,-2.203945486944446
mp20-train-mp-1025321.cif,0.0,-1.760998724285714
mp20-train-mp-16237.cif,0.0,-0.4394763736666668
mp20-train-mp-11711.cif,2.7679,-3.15336060175
mp20-train-mp-2529.cif,0.0,-0.6307770833333327
mp20-train-mp-769466.cif,3.9088,-3.03749813439394
mp20-train-mp-9208.cif,0.0,-0.7982462725000005
mp20-train-mp-1104810.cif,2.7824,-1.445884895595238
mp20-train-mp-865094.cif,0.0,-0.4419740749999992
mp20-train-mp-1212803.cif,0.3403999999999998,-1.317668544999999
mp20-train-mp-27563.cif,1.4751000000000003,-1.8966329461538456
mp20-train-mp-3363.cif,0.0,-0.6122041119999999
mp20-train-mp-1009490.cif,1.6300999999999997,0.0017175900000001
mp20-train-mp-1025268.cif,0.0,-0.1382475885714273
mp20-train-mp-14152.cif,3.6614,-3.537960958333334
mp20-train-mp-1247036.cif,0.0,-1.5027962753571436
mp20-train-mp-975639.cif,0.0,0.0080806037499998
mp20-train-mp-22895.cif,1.1762999999999997,-0.3363351775000001
mp20-train-mp-1276532.cif,0.0,-2.2308224125000016
mp20-train-mp-557151.cif,2.0324,-1.0515411209375
mp20-train-mp-1225338.cif,0.0,-0.8105377664583333
mp20-train-mp-1205622.cif,0.0,-0.6750307519999993
mp20-train-mp-1226863.cif,4.4927,-2.746840427361112
mp20-train-mp-10714.cif,0.0,-0.5404080233333332
mp20-train-mp-23219.cif,0.0,-0.6638177249999998
mp20-train-mp-1220323.cif,0.0,-0.12953948
mp20-train-mp-1246164.cif,0.0,-0.5568692892857143
mp20-train-mp-1188342.cif,0.0,-0.4778231446874992
mp20-train-mp-8253.cif,2.2944000000000004,-2.0618821956465525
mp20-train-mp-1185386.cif,0.0,-0.2969017699999998
mp20-train-mp-1216392.cif,1.6544999999999996,-2.443056250999999
mp20-train-mp-1218438.cif,0.0,-2.6930185392857138
mp20-train-mp-555251.cif,5.8136,-3.256429005
mp20-train-mp-1514.cif,0.0,-0.5841653427777777
mp20-train-mp-1218017.cif,0.0,-1.358613145
mp20-train-mp-1225662.cif,0.0,-0.5631320300000002
mp20-train-mp-20973.cif,0.0,-2.328465021875
mp20-train-mp-28760.cif,2.2219,-1.183790093708333
mp20-train-mp-867358.cif,0.0,-2.168377115
mp20-train-mp-1186695.cif,0.0,-0.4268034820833333
mp20-train-mp-23910.cif,3.0588000000000006,-1.9866286831250008
mp20-train-mp-18773.cif,1.3385,-2.1848598118750004
mp20-train-mp-636978.cif,0.2416,-1.4411428455999995
mp20-val-mp-865981.cif,0.0,-0.4363681541666666
mp20-val-mp-1103778.cif,3.5845,-2.755558863571428
mp20-val-mp-39712.cif,2.4439,-3.2999356649885057
mp20-val-mp-754553.cif,0.2182000000000004,-0.0219812825000005
mp20-val-mp-20332.cif,0.0,-0.6840024999999998
mp20-val-mp-864962.cif,0.0,-0.2726213181250001
mp20-val-mp-1209303.cif,5.4928,-2.4041771178125
mp20-val-mp-995393.cif,2.1585,-0.6282060691666664
mp20-val-mp-569593.cif,0.0,-0.1051698987499998
mp20-val-mp-1105651.cif,0.0,-0.7987883275000005
mp20-val-mp-1207723.cif,0.0,-0.3316511932051283
mp20-val-mp-556585.cif,2.3648,-2.9591320768103446
mp20-val-mp-755794.cif,2.0394,-2.2559527710714287
mp20-val-mp-1187541.cif,0.0,-0.1219889849999997
mp20-val-mp-977579.cif,0.0,-0.6118526824999995
mp20-val-mp-504783.cif,0.0,-1.7764321228749993
mp20-val-mp-1113055.cif,2.6824,-1.3191768268862072
mp20-val-mp-1225295.cif,0.0,-0.6146615283333338
mp20-val-mp-1224054.cif,0.0,-0.8082669583333342
mp20-val-mp-1184074.cif,0.0,-0.3715054166666665
mp20-val-mp-672371.cif,0.0,-0.1961405762499994
mp20-val-mp-1217125.cif,0.0,-0.8068500263541667
mp20-val-mp-1225552.cif,0.0,0.0289612590229886
mp20-val-mp-13038.cif,3.9838,-2.4933688085714283
mp20-val-mp-1277762.cif,0.1274999999999995,-2.7395934488095244
mp20-val-mp-865470.cif,0.0,-0.3439340524999998
mp20-val-mp-981541.cif,0.0,-0.9954574841666668
mp20-val-mp-760952.cif,0.4873000000000003,-2.588783670833332
mp20-val-mp-755972.cif,0.2503999999999999,-1.3577272899999997
mp20-val-mp-757118.cif,0.0,-2.9220636899106003
mp20-val-mp-349.cif,0.0,-0.3698583537499997
mp20-val-mp-1623.cif,0.0,-2.2018321015625
mp20-val-mp-1102023.cif,0.0,-0.5862583586718753
mp20-val-mp-559092.cif,6.105,-4.296475640624999
mp20-val-mp-1913.cif,0.0,-1.0426058500000002
mp20-val-mp-540757.cif,0.4566000000000001,-1.9791668522222223
mp20-val-mp-1225447.cif,2.6787,-4.199185686666667
mp20-val-mp-1212572.cif,0.0,-0.2415694381250013
mp20-val-mp-16720.cif,0.0,-0.4134851000000002
mp20-val-mp-865237.cif,0.0,-0.6915417283333332
mp20-val-mp-631.cif,0.0,-0.810004021666666
mp20-val-mp-22072.cif,0.0,-3.415887846875
mp20-val-mp-1187771.cif,0.0,-0.7482042758333334
mp20-val-mp-20083.cif,0.0,-0.6357876883333328
mp20-val-mp-1487.cif,0.0,-0.6588078599999996
mp20-val-mp-505680.cif,0.0,-0.6374441991176458
mp20-val-mp-3433.cif,0.0,-0.3887842511111111
mp20-val-mp-1079090.cif,0.0,-0.5039730355000003
mp20-val-mp-675638.cif,2.0730000000000004,-1.879990173214286
mp20-val-mp-1222676.cif,0.0,-0.4757326142656445
mp20-val-mp-1219722.cif,0.0,-0.872770384999999
mp20-val-mp-1217641.cif,0.0,-0.4637702053846165
mp20-val-mp-19991.cif,0.0,-0.4464213194444439
mp20-val-mp-1217636.cif,0.0,-0.7522092499999999
mp20-val-mp-12137.cif,0.0,-0.264800958
mp20-val-mp-1078813.cif,0.0,-0.7501890644444447
mp20-val-mp-22670.cif,0.0,-0.9848835791666666
mp20-val-mp-865530.cif,0.0,-0.4166576166666669
mp20-val-mp-1206797.cif,0.0,-0.3689254733333331
mp20-val-mp-2359.cif,0.0,-0.6936440733333337
mp20-val-mp-12101.cif,0.0,-0.6998381519999995
mp20-val-mp-1027109.cif,0.3632999999999999,-1.002170179192709
mp20-val-mp-21176.cif,0.0,-1.386684801053571
mp20-val-mp-861498.cif,0.0,-0.51702231875
mp20-val-mp-8909.cif,0.0,-1.3909050333333326
mp20-val-mp-21010.cif,0.0,-0.500506446666666
mp20-val-mp-622210.cif,0.0,-2.1689347746153844
mp20-val-mp-1186562.cif,0.0,-0.3324682293749998
mp20-val-mp-1220.cif,0.0,-0.0853522325
mp20-val-mp-1217405.cif,0.0,-0.1212616325000001
mp20-val-mp-4105.cif,0.0,-0.5604169220000003
mp20-val-mp-1227677.cif,2.138,-2.452562586666668
mp20-val-mp-1226011.cif,0.0,-0.4878408031250005
mp20-val-mp-1219096.cif,0.0,-3.075316037894736
mp20-val-mp-18742.cif,3.2729,-2.981252599833334
mp20-val-mp-15827.cif,0.0,-0.6964723999999997
mp20-val-mp-862318.cif,0.0,-0.4704098233333331
mp20-val-mp-8499.cif,0.0,-0.3175834457142851
mp20-val-mp-1215442.cif,0.0,-0.5171000500000004
mp20-val-mp-1282448.cif,0.0,-1.7064489102083336
mp20-val-mp-28651.cif,0.0,-1.6292249384291186
mp20-val-mp-11965.cif,0.0,-0.6600353179999999
mp20-val-mp-1218413.cif,2.7002,-3.0713517190000013
mp20-val-mp-1222145.cif,1.1158,-0.8882855084913794
mp20-val-mp-1120755.cif,0.6661,-1.7919281643103446
mp20-val-mp-1102396.cif,0.0,-0.3011032141666667
mp20-val-mp-1220507.cif,0.0,-0.2783409078846152
mp20-val-mp-12906.cif,0.0,-0.9835752999999992
mp20-val-mp-1709.cif,0.0,-0.0778689211111114
mp20-val-mp-1976.cif,0.0,-0.3655442219999997
mp20-val-mp-866274.cif,0.0,-0.3457370212499999
mp20-val-mp-947.cif,1.9091,-0.2396917127083332
mp20-val-mp-1206004.cif,0.0,-2.688879534921876
mp20-val-mp-758018.cif,3.9577,-2.544975353333333
mp20-val-mp-1212161.cif,0.0,-0.9532806077777786
mp20-val-mp-1079654.cif,0.0,-0.5467513469923375
mp20-val-mp-1873.cif,3.4773,-2.6029855116666663
mp20-val-mp-760482.cif,3.0950999999999995,0.0034656799999999
mp20-val-mp-1248567.cif,3.2663,-3.474904306071429
mp20-val-mp-20976.cif,0.0,-0.6807404246666664
mp20-val-mp-1111986.cif,3.662,-2.148013711266666
mp20-val-mp-643896.cif,4.4030000000000005,-1.9400095428735635
mp20-val-mp-1216706.cif,0.0,-1.3153921091145833
mp20-val-mp-2486.cif,0.0,-0.1123677066666661
mp20-val-mp-1025445.cif,0.0,-0.8753750018749988
mp20-val-mp-753305.cif,0.0,-3.0475625102380954
mp20-val-mp-12734.cif,0.0,-0.8508650333333332
mp20-val-mp-1220114.cif,0.2556999999999991,-0.599030013809524
mp20-val-mp-1210456.cif,0.0,-1.2990989156705892
mp20-val-mp-12459.cif,0.9998,-0.4310932801041667
mp20-val-mp-561242.cif,0.0039999999999995,-0.9598148542083336
mp20-val-mp-1174026.cif,0.2071,-1.6978951135000002
mp20-val-mp-558039.cif,3.6487,-3.120618497333333
mp20-val-mp-973471.cif,0.0,-2.086754180599999
mp20-val-mp-1219603.cif,0.0,-2.669010611944445
mp20-val-mp-607816.cif,0.0,-0.327513858333333
mp20-val-mp-38194.cif,5.6838,-4.173209438055555
mp20-val-mp-1102333.cif,0.0,-0.3475780558333336
mp20-val-mp-555891.cif,5.3969,-3.2593572549999994
mp20-val-mp-505438.cif,0.0272999999999998,-3.0151824205555564
mp20-val-mp-1173969.cif,0.9598,-2.125839196586208
mp20-val-mp-675025.cif,0.0,-1.5346320866666665
mp20-val-mp-1105256.cif,0.0,-0.4918692843750003
mp20-val-mp-13820.cif,0.9657000000000002,-2.040596981666668
mp20-val-mp-35690.cif,0.0,-1.317103078571429
mp20-val-mp-22307.cif,0.0,-0.9154071762499996
mp20-val-mp-28029.cif,0.3859000000000012,-0.4444333375000004
mp20-val-mp-1215487.cif,0.0,-0.4459929768749999
mp20-val-mp-866286.cif,0.0,-0.0749889062499997
mp20-val-mp-1213967.cif,0.0,-0.5562797275000001
mp20-val-mp-1025663.cif,1.1235000000000002,-1.085284924131945
mp20-val-mp-570896.cif,0.0,-0.124446135555555
mp20-val-mp-1095478.cif,0.0,-1.1505908413888892
mp20-val-mp-675989.cif,0.8311000000000002,-0.5537691402539062
mp20-val-mp-1186166.cif,0.0,-0.3479582666379306
mp20-val-mp-3501.cif,0.0,-0.2959051771428572
mp20-val-mp-1079846.cif,0.0,-0.9725274466666676
mp20-val-mp-1216185.cif,0.0,-0.2089654255555552
mp20-val-mp-867474.cif,0.0,-0.4848714191666667
mp20-val-mp-567590.cif,0.0,-0.3891757975000007
mp20-val-mp-1282726.cif,0.1566999999999998,-2.604942206041668
mp20-val-mp-11958.cif,0.0,-0.6663131699999996
mp20-val-mp-1018657.cif,0.0,-0.6778843099999996
mp20-val-mp-1114644.cif,0.0,-2.945130388448276
mp20-val-mp-1216586.cif,4.4681,-3.4995584660000008
mp20-val-mp-5068.cif,0.0,-0.8599407199999997
mp20-val-mp-752926.cif,0.0,-2.841639291666666
mp20-val-mp-754928.cif,0.0,-2.579200340714285
mp20-val-mp-7232.cif,2.0923,-1.2912457101724135
mp20-val-mp-1187489.cif,0.0,-0.3802379120833343
mp20-val-mp-1105710.cif,3.9901,-2.105064696377873
mp20-val-mp-990.cif,0.0,-0.8729419966666665
mp20-val-mp-1019109.cif,0.0,-0.6855992683333341
mp20-val-mp-4147.cif,0.0,-0.8136430500000003
mp20-val-mp-1219758.cif,0.3415999999999999,-1.837377526785714
mp20-val-mp-1183608.cif,0.0,-0.3577669399999998
mp20-val-mp-12911.cif,0.2614000000000001,-2.780423737
mp20-val-mp-1213837.cif,0.3565,-4.266482234722222
mp20-val-mp-1189121.cif,0.0,-0.3457164816666673
mp20-val-mp-753922.cif,1.8941,-2.738650309462644
mp20-val-mp-11906.cif,0.0,-2.702287160833334
mp20-val-mp-1104341.cif,0.0,0.0232133514285704
mp20-val-mp-1215261.cif,0.0,-0.1871208516666662
mp20-val-mp-1223049.cif,3.7798,-3.455205539375
mp20-val-mp-862423.cif,0.0,-0.5491111574999996
mp20-val-mp-1186550.cif,0.0,-0.1847434843749997
mp20-val-mp-1184248.cif,0.0,-0.9372593716666664
mp20-val-mp-1189120.cif,0.0,-0.5998279368750001
mp20-val-mp-1112515.cif,5.0869,-2.5076414803362064
mp20-val-mp-1218110.cif,0.0,-1.2566030289285717
mp20-val-mp-1112687.cif,3.2838,-1.7162805925528737
mp20-val-mp-7580.cif,2.2368,-1.0261708230357145
mp20-val-mp-568857.cif,0.0,-1.4624446394999997
mp20-val-mp-567756.cif,1.9945000000000004,-1.6298091471428575
mp20-val-mp-982869.cif,0.0,-0.3916142435416665
mp20-val-mp-1246550.cif,0.0,-1.5316469179187198
mp20-val-mp-1184859.cif,1.2837,-0.1971447287500003
mp20-val-mp-556176.cif,5.4892,-3.630997001851852
mp20-val-mp-1183237.cif,0.0,-0.0369718643750003
mp20-val-mp-753610.cif,3.5645999999999995,-1.8946556175
mp20-val-mp-1212478.cif,3.8302,-1.1111469604999995
mp20-val-mp-1111268.cif,2.9959,-1.6075349584333338
mp20-val-mp-1220534.cif,0.0,-0.5344379164285716
mp20-val-mp-676180.cif,0.0,-0.0870484609090906
mp20-val-mp-672705.cif,1.6442,-1.745687025416667
mp20-val-mp-1102216.cif,0.0,-0.5456434658333317
mp20-val-mp-755276.cif,0.0,-1.67789213664751
mp20-val-mp-1223328.cif,0.0,-0.7071752199999999
mp20-val-mp-12948.cif,6.8434,-3.4685166978103448
mp20-val-mp-1025408.cif,0.0,-0.7264446966666664
mp20-val-mp-19339.cif,0.0,-2.4717047200000004
mp20-val-mp-1176709.cif,3.6062,-2.7655675581666666
mp20-val-mp-4842.cif,2.6027000000000005,-1.3011535553571432
mp20-val-mp-1186209.cif,0.0,-0.2554904237499986
mp20-val-mp-1208223.cif,0.0,-1.6966364924358976
mp20-val-mp-1028592.cif,0.5252000000000003,-0.5460456095572918
mp20-val-mp-28232.cif,2.7097000000000007,-3.426317897708333
mp20-val-mp-1219948.cif,0.0,-0.5433414659895833
mp20-val-mp-1101643.cif,0.0,-0.5163988424074072
mp20-val-mp-693.cif,0.0,-0.2116450470833326
mp20-val-mp-22926.cif,0.0,-1.0473996175000009
mp20-val-mp-1453.cif,0.0,-2.0663120911718744
mp20-val-mp-1103069.cif,0.0,-0.4866120380555555
mp20-val-mp-1217844.cif,0.0,0.0079570353846153
mp20-val-mp-1187820.cif,0.0,-0.4215023695833331
mp20-val-mp-1216655.cif,0.0,-0.0861170466666667
mp20-val-mp-16263.cif,0.0,-0.5302843133333335
mp20-val-mp-19847.cif,0.0,-1.0908164889999994
mp20-val-mp-862337.cif,0.0,-0.3765085716666672
mp20-val-mp-12984.cif,0.8242000000000003,-1.4539987086718749
mp20-val-mp-28347.cif,1.1862000000000004,-0.5696708748749999
mp20-val-mp-1223975.cif,2.2681,-3.381615532117648
mp20-val-mp-2786.cif,0.0,-0.2008517306249999
mp20-val-mp-15109.cif,0.1252999999999997,-0.6022006064285718
mp20-val-mp-537.cif,0.0,-0.2435738883333336
mp20-val-mp-1101845.cif,0.0,-0.5983288675000011
mp20-val-mp-627401.cif,2.3587,-0.8302737026666667
mp20-val-mp-626785.cif,3.6839,-1.553805666
mp20-val-mp-7886.cif,6.3513,-3.5653890155028733
mp20-val-mp-1025095.cif,0.0,-0.4683837822222223
mp20-val-mp-1103848.cif,0.0,-0.9526443303611112
mp20-val-mp-1114565.cif,5.1594,-2.4637655888333336
mp20-val-mp-1214590.cif,0.0,-2.187208700384616
mp20-val-mp-1225444.cif,0.0,-1.2091363316666677
mp20-val-mp-625415.cif,4.049,-2.2419906142857147
mp20-val-mp-4651.cif,1.8583000000000005,-3.552249219
mp20-val-mp-7595.cif,4.0323,-2.391526064166667
mp20-val-mp-1216502.cif,0.0,-0.4792527659803917
mp20-val-mp-1028686.cif,0.6427,-0.9316713016927084
mp20-val-mp-1209936.cif,1.8452,-2.487378405
mp20-val-mp-1221935.cif,0.0,-0.3844677264367817
mp20-val-mp-991676.cif,1.3512000000000004,-0.5025324437500007
mp20-val-mp-979285.cif,6.4618,0.00193749
mp20-val-mp-759533.cif,1.3518000000000003,-1.999933541120689
mp20-val-mp-1220515.cif,0.0,-0.4744592385714291
mp20-val-mp-1205791.cif,0.0,-0.8008083769999998
mp20-val-mp-1018709.cif,0.0,-0.5438595895833332
mp20-val-mp-561122.cif,0.0,-1.741358323203125
mp20-val-mp-1113595.cif,3.8081,-2.219146648252873
mp20-val-mp-37267.cif,7.3763,-3.955695714980843
mp20-val-mp-25391.cif,2.801,-2.662841123611112
mp20-val-mp-1103398.cif,0.1870000000000002,-1.5491270171701397
mp20-val-mp-1212820.cif,2.4135000000000004,-2.578300805333334
mp20-val-mp-1104926.cif,2.8995,-1.8589852644047624
mp20-val-mp-1190029.cif,0.0,-0.1582751356249998
mp20-val-mp-756182.cif,3.0831,-1.4625506058333333
mp20-val-mp-1039430.cif,0.0,-0.0131785516666663
mp20-val-mp-1221937.cif,0.0,-1.6889984268103455
mp20-val-mp-1223698.cif,0.0,-0.9712451659648442
mp20-val-mp-1206429.cif,0.0,-1.0678577173333337
mp20-val-mp-27815.cif,2.4319,-2.1212255065
mp20-val-mp-1079112.cif,0.0,-0.8665640556666666
mp20-val-mp-1217039.cif,0.0,-0.9762903879605266
mp20-val-mp-557592.cif,0.0,-0.648477687208333
mp20-val-mp-3777.cif,3.0106,-1.307128633125
mp20-val-mp-1112564.cif,0.0,-2.31182693341954
mp20-val-mp-8393.cif,1.7081999999999995,-0.553641422767857
mp20-val-mp-570904.cif,0.0,-0.3269192941666669
mp20-val-mp-1311921.cif,0.0,-1.4948929897528742
mp20-val-mp-30961.cif,0.0,-0.687760424166667
mp20-val-mp-27138.cif,1.4458,-1.4893861637142856
mp20-val-mp-14853.cif,3.4023,-3.6008922928125005
mp20-val-mp-1205697.cif,0.0,-2.9853739490000004
mp20-val-mp-1113355.cif,2.2451,-1.8412772695862067
mp20-val-mp-1206447.cif,0.0,-0.3822666139999995
mp20-val-mp-8808.cif,0.0,-0.8125141420000006
mp20-val-mp-985626.cif,0.8571999999999997,-2.036328513793104
mp20-val-mp-1223278.cif,0.0,-1.679089646071429
mp20-val-mp-780727.cif,1.0372,-2.394096786491227
mp20-val-mp-3316.cif,2.2231,-3.5894269429999994
mp20-val-mp-10932.cif,1.3255,-3.299752290208334
mp20-val-mp-1218024.cif,0.0,-0.663205116666667
mp20-val-mp-10868.cif,0.0,-1.2497170544444447
mp20-val-mp-1026350.cif,0.8936999999999999,-0.5046431016319433
mp20-val-mp-865155.cif,0.0,-0.8417332850000001
mp20-val-mp-1101952.cif,0.0,-0.8688365958333328
mp20-val-mp-23330.cif,5.6597,-1.082864028810345
mp20-val-mp-714885.cif,0.9575000000000004,-2.0896383025
mp20-val-mp-1212337.cif,0.0,-0.9645010580000004
mp20-val-mp-8405.cif,0.2121000000000004,-0.9439029858333332
mp20-val-mp-777446.cif,0.3995999999999999,-2.034384177988505
mp20-val-mp-6989.cif,3.9277,-2.31807994146875
mp20-val-mp-1101752.cif,0.1943999999999999,-1.7261933077083331
mp20-val-mp-862850.cif,1.1129,-0.7033226230607639
mp20-val-mp-1018757.cif,0.0,-0.5390259374999999
mp20-val-mp-569941.cif,0.0,-0.95348198875
mp20-val-mp-1179697.cif,1.5854,-0.8190350833564813
mp20-val-mp-675477.cif,0.0,-0.6338696620312502
mp20-val-mp-1294141.cif,0.0,-2.8457320216666666
mp20-val-mp-1206367.cif,0.0,-1.4076080060000002
mp20-val-mp-1101948.cif,0.0,-0.8765839986111104
mp20-val-mp-1111660.cif,1.7493,-1.771447057266667
mp20-val-mp-3630.cif,0.0,-0.7367991311111111
mp20-val-mp-1111598.cif,0.0,-2.54735027335
mp20-val-mp-1215981.cif,0.0,-0.455320310416667
mp20-val-mp-1079071.cif,0.0,-0.2564212512499999
mp20-val-mp-754689.cif,0.0,-0.4354348379999997
mp20-val-mp-8453.cif,1.9907,-1.273868336350575
mp20-val-mp-1189588.cif,0.0,-0.1566998350000004
mp20-val-mp-1106024.cif,0.0,-1.0978654193749993
mp20-val-mp-4497.cif,4.923500000000001,-1.919536713
mp20-val-mp-1174126.cif,0.5160999999999998,-1.7749052666415237
mp20-val-mp-11420.cif,0.0,-0.6679704345833333
mp20-val-mp-2170.cif,0.0,-0.5422436088888887
mp20-val-mp-1223900.cif,0.4626000000000001,-0.6613628642838538
mp20-val-mp-867537.cif,0.0,-1.6859503336458328
mp20-val-mp-1223093.cif,0.0014000000000002,-2.6453346513965514
mp20-val-mp-8882.cif,1.2984,-0.3990765454166665
mp20-val-mp-1520390.cif,0.2517000000000005,-3.0025832395000003
mp20-val-mp-1226837.cif,1.2226,-0.5935218719999998
mp20-val-mp-1183960.cif,0.0,0.0294970512500007
mp20-val-mp-1222839.cif,0.0,-1.1269698493750004
mp20-val-mp-867191.cif,0.0,-0.3594159933333332
mp20-val-mp-1219136.cif,0.0,-2.2604517671875
mp20-val-mp-1320002.cif,3.1324000000000005,-1.2439854920000002
mp20-val-mp-1188322.cif,0.0,-0.1516378805555555
mp20-val-mp-1184998.cif,0.0,-0.5282420199999995
mp20-val-mp-1541.cif,2.8976,-1.0293878636718743
mp20-val-mp-1220585.cif,0.0,0.0623468049336865
mp20-val-mp-1216080.cif,0.0,-0.5764570247619046
mp20-val-mp-1207408.cif,0.0,-1.0962044394444443
mp20-val-mp-1220329.cif,0.0,-0.3485120175
mp20-val-mp-1218806.cif,2.3393,-3.088459048425927
mp20-val-mp-752496.cif,0.0,-3.394761034444445
mp20-val-mp-18825.cif,0.3213000000000001,-2.764380199444445
mp20-val-mp-12342.cif,1.3606000000000005,-1.3135533263218389
mp20-val-mp-1223697.cif,0.0,-0.1608936579999998
mp20-val-mp-19848.cif,0.0,-0.7695890862499999
mp20-val-mp-1147710.cif,0.0,-1.4407921195862063
mp20-val-mp-864987.cif,0.0,-0.3016344094827587
mp20-val-mp-11581.cif,0.0,-1.2165064476666672
mp20-val-mp-1225568.cif,0.0,-0.0818200994871799
mp20-val-mp-1218282.cif,0.0,-0.6802355249999998
mp20-val-mp-1207029.cif,0.0,-2.815029302125001
mp20-val-mp-309.cif,0.0,-0.1727808411111109
mp20-val-mp-1102585.cif,0.0,-0.5391310402777781
mp20-val-mp-12724.cif,0.0,-0.2088171945833332
mp20-val-mp-1208207.cif,1.0656,-2.730494912916667
mp20-val-mp-1018045.cif,0.0,0.0745319549999999
mp20-val-mp-753419.cif,0.7851999999999999,-2.393419764735222
mp20-val-mp-3585.cif,0.0,-1.027116844999999
mp20-val-mp-1104388.cif,0.0,-0.7304981799999998
mp20-val-mp-1207275.cif,0.0,-0.3697444122222219
mp20-val-mp-1183061.cif,0.0,-0.4361665250000004
mp20-val-mp-550514.cif,0.6997000000000009,-2.2180799940000013
mp20-val-mp-545769.cif,0.0,-1.6335737547931033
mp20-val-mp-20157.cif,0.8829999999999996,-1.8230167878385408
mp20-val-mp-1189259.cif,1.6794,-0.924863029921875
mp20-val-mp-1210648.cif,0.0,-0.1640898134051725
mp20-val-mp-865924.cif,0.0,-0.5358464333333339
mp20-val-mp-1019519.cif,0.0,-1.4536428778879311
mp20-val-mp-996986.cif,0.1614999999999999,-1.405479454583333
mp20-val-mp-1184027.cif,0.0,0.045870625
mp20-val-mp-1273137.cif,0.0670000000000001,-2.2865593154166675
mp20-val-mp-541183.cif,0.0,-0.9280912176406254
mp20-val-mp-22971.cif,1.8194,-0.7885617993749996
mp20-val-mp-18667.cif,0.0,-0.8066673231249997
mp20-val-mp-1183763.cif,0.0,-0.2189837900000002
mp20-val-mp-753014.cif,3.0636,-2.460761566875001
mp20-val-mp-27606.cif,0.0,-0.8382067308333335
mp20-val-mp-30676.cif,0.0,-0.5124433767708343
mp20-val-mp-1207222.cif,0.0,-1.955505812777777
mp20-val-mp-1224733.cif,0.0,-0.3418324541666671
mp20-val-mp-1308806.cif,1.3229000000000002,-2.1893776457097696
mp20-val-mp-570199.cif,0.0,-0.6168922500000003
mp20-val-mp-1186642.cif,0.0,0.0632668218749996
mp20-val-mp-1190110.cif,0.0,-0.6941822346296299
mp20-val-mp-861867.cif,2.5888,-1.801003203125
mp20-val-mp-558747.cif,1.1771999999999998,-1.0303736857031245
mp20-val-mp-1114640.cif,4.593999999999999,-2.7865644837999994
mp20-val-mp-1223545.cif,0.8501999999999998,-1.9497180762660105
mp20-val-mp-1120803.cif,4.8208,-2.468395111809524
mp20-val-mp-25383.cif,0.0,-1.461234876190476
mp20-val-mp-1221596.cif,0.0,-0.254580919482759
mp20-val-mp-38901.cif,0.0,-2.2995380275
mp20-val-mp-1225922.cif,6.8485,-3.7410583303256697
mp20-val-mp-1069825.cif,0.0,-0.4710281350000002
mp20-val-mp-623006.cif,0.0,-0.4394024310714286
mp20-val-mp-1224732.cif,0.0,-0.5866866884821421
mp20-val-mp-1205422.cif,0.0,-0.2550201355555559
mp20-val-mp-34381.cif,4.0129,-0.5724524099999998
mp20-val-mp-1092318.cif,0.0,-0.7238123266666664
mp20-val-mp-510374.cif,0.0,-1.5326471024999986
mp20-val-mp-1181496.cif,0.0,-0.4794895257407414
mp20-val-mp-763878.cif,0.0,-2.517703261461926
mp20-val-mp-19923.cif,0.0,-0.5310007750000002
mp20-val-mp-1217307.cif,0.0,-0.1309011316666672
mp20-val-mp-559734.cif,2.4777,-3.658640315277777
mp20-val-mp-1102188.cif,0.0,-1.0665942547222222
mp20-val-mp-13490.cif,0.0,-0.6610099911111109
mp20-val-mp-569565.cif,0.0,-1.236562337727272
mp20-val-mp-982261.cif,0.0,-0.6345138815625001
mp20-val-mp-1106181.cif,3.5249,-3.0494547315000005
mp20-val-mp-23038.cif,0.6867000000000001,-1.5852809510862074
mp20-val-mp-1184820.cif,0.0,-0.4069421287499999
mp20-val-mp-758501.cif,4.8688,-2.6478378621666665
mp20-val-mp-1247221.cif,0.0,-1.8641455994950733
mp20-val-mp-1222449.cif,0.0,-0.607539991428572
mp20-val-mp-569765.cif,0.0,0.060320135
mp20-val-mp-690535.cif,0.0,-2.1767651118390807
mp20-val-mp-1651.cif,0.0,-0.228721653333333
mp20-val-mp-554134.cif,1.6279,-0.6410236615625005
mp20-val-mp-14006.cif,5.6074,-3.4034959775
mp20-val-mp-20318.cif,0.0,-0.3969210933429122
mp20-val-mp-9960.cif,0.1184999999999991,-0.4896979586666674
mp20-val-mp-1207906.cif,0.0,-2.171951168333333
mp20-val-mp-1105851.cif,0.0,-0.5440968772222227
mp20-val-mp-1684.cif,0.0,-0.2157175200000001
mp20-val-mp-567736.cif,0.0,-0.8822787286718743
mp20-val-mp-1210555.cif,0.0,-0.0441332907586215
mp20-val-mp-300.cif,0.0,-0.7760209724999996
mp20-val-mp-20844.cif,0.0,-0.5087007627272726
mp20-val-mp-1186233.cif,0.0,-0.2230678887499984
mp20-val-mp-1517132.cif,0.5011999999999999,-3.0591726825000003
mp20-val-mp-20546.cif,1.0524,-2.4240572566666665
mp20-val-mp-1219663.cif,0.0,-0.6223760350000006
mp20-val-mp-37307.cif,0.0,-2.180213036283525
mp20-val-mp-35082.cif,6.0653,-0.3255608930208327
mp20-val-mp-1078419.cif,1.5219999999999998,-0.9813599840454384
mp20-val-mp-1219015.cif,0.0,-0.4155709466666663
mp20-val-mp-1217095.cif,0.0,-0.8310669858333339
mp20-val-mp-1225452.cif,0.0,-0.4131661795833328
mp20-val-mp-1028409.cif,1.3976000000000002,-0.9579046340625
mp20-val-mp-1105276.cif,2.7602,-3.369564110833333
mp20-val-mp-1218281.cif,0.0,-2.375194030238096
mp20-val-mp-753107.cif,0.0,-2.416727023893679
mp20-val-mp-1185530.cif,0.0,0.0080886437499989
mp20-val-mp-1183671.cif,0.0,0.0425363262499995
mp20-val-mp-1224217.cif,0.0,-0.6337061444117642
mp20-val-mp-1219309.cif,0.0,-0.6032021614285716
mp20-val-mp-4815.cif,0.0,-1.0737721489999998
mp20-val-mp-1039481.cif,0.0,0.0445846874999998
mp20-val-mp-1205647.cif,0.0,-0.6602602599999997
mp20-val-mp-10212.cif,0.0,-0.572224281666666
mp20-val-mp-5221.cif,0.0,-0.5856782250000006
mp20-val-mp-1227557.cif,0.0,-0.5908259899305561
mp20-val-mp-1187455.cif,0.0,-0.248804312499999
mp20-val-mp-21008.cif,0.0,-0.2898135762499993
mp20-val-mp-6745.cif,4.2814,-2.8888754785833344
mp20-val-mp-1219126.cif,0.0,-0.2675254798611123
mp20-val-mp-1094122.cif,0.0,0.0033841333333333
mp20-val-mp-23289.cif,4.8217,-2.1805851665
mp20-val-mp-571343.cif,0.0,-0.6545889425237071
mp20-val-mp-1104864.cif,0.0,-1.2113879285714293
mp20-val-mp-30854.cif,0.0,-0.6989514350000002
mp20-val-mp-1228832.cif,0.0,-0.3594536631249996
mp20-val-mp-1069695.cif,0.3843999999999998,-0.5746675313333334
mp20-val-mp-1272234.cif,0.7645,-1.1180540719999996
mp20-val-mp-1214495.cif,2.7948000000000004,-3.263126826481482
mp20-val-mp-1183089.cif,0.0,-0.0298141400000003
mp20-val-mp-979423.cif,0.0,-0.5377452072916666
mp20-val-mvc-8064.cif,3.1366,-2.524066678148148
mp20-val-mp-8070.cif,6.115,-2.9697805114583327
mp20-val-mp-1095024.cif,0.0,-0.4916875287037041
mp20-val-mp-7435.cif,0.1761999999999997,-0.837525958447916
mp20-val-mp-1068052.cif,0.0,-0.7015093489999998
mp20-val-mp-1021484.cif,0.0463000000000004,-1.8988318354513885
mp20-val-mp-1186660.cif,0.0,-0.1589283200000002
mp20-val-mp-1522212.cif,0.0,-3.3778008131666675
mp20-val-mp-1009839.cif,0.0,-0.3913265049999994
mp20-val-mp-998325.cif,3.8858,-1.7692553704999998
mp20-val-mp-1956.cif,0.0,-0.600452565555555
mp20-val-mp-21295.cif,0.0,-0.3384336699999999
mp20-val-mp-761711.cif,1.4542000000000002,-2.56396640851852
mp20-val-mp-4488.cif,0.0,-0.5342483613333335
mp20-val-mp-12612.cif,0.0,-0.2289925340000001
mp20-val-mp-1039204.cif,0.0,-0.0385932949999999
mp20-val-mp-24066.cif,4.9849000000000006,-2.4598811291666665
mp20-val-mp-983362.cif,0.0,-0.4092719200000019
mp20-val-mp-1205777.cif,0.0,-0.7437536549999997
mp20-val-mp-505628.cif,0.0,-0.3624821549999993
mp20-val-mp-1206961.cif,0.0,-0.3115047180000001
mp20-val-mp-1184494.cif,0.0,-0.7856331299999999
mp20-val-mp-1221779.cif,0.0,-0.3157035448658997
mp20-val-mp-556595.cif,1.5356,-3.017824112692307
mp20-val-mp-632724.cif,1.0819,-0.8915078855882357
mp20-val-mp-14433.cif,2.3393,-0.3874263202586204
mp20-val-mp-1218924.cif,0.4260000000000001,-0.5535506737500002
mp20-val-mp-10556.cif,1.8074,-1.004647744583333
mp20-val-mp-19051.cif,0.0,-2.601487783
mp20-val-mp-1190219.cif,2.5998,-0.5525757154166668
mp20-val-mp-1103465.cif,0.0,-0.2048008962499997
mp20-val-mp-601371.cif,0.0,-0.7704747699999999
mp20-val-mp-36582.cif,3.1546000000000003,-0.8415259248922412
mp20-val-mp-1517099.cif,0.2999999999999998,-2.8679739591551723
mp20-val-mp-676038.cif,1.3519,-0.6542741515340912
mp20-val-mp-35835.cif,0.0,-0.167409200583333
mp20-val-mp-1018823.cif,0.0,-0.6491105777777774
mp20-val-mp-19866.cif,0.0,-1.3749039285416675
mp20-val-mp-1185096.cif,0.0,0.0524396825000001
mp20-val-mp-15895.cif,1.6051000000000002,-0.6909523690625002
mp20-val-mp-1029442.cif,2.9433,-1.2448036624999996
mp20-val-mp-865428.cif,0.0,-0.6106729412499998
mp20-val-mp-1103570.cif,0.0,-0.7033001264285714
mp20-val-mp-13485.cif,0.0,-0.6771106459999998
mp20-val-mp-551243.cif,2.9619,-2.18412393
mp20-val-mp-1187726.cif,0.0,-0.3085390749999996
mp20-val-mp-3390.cif,0.0,-0.5690537293333335
mp20-val-mp-1216555.cif,0.0,-0.8233820545833321
mp20-val-mp-1022804.cif,0.0,-0.0121568154166666
mp20-val-mp-1225927.cif,5.6419,-3.3315673444923366
mp20-val-mp-11913.cif,0.0,-2.625861529155172
mp20-val-mp-1218334.cif,0.3858999999999999,-0.3993812844444449
mp20-val-mp-1113299.cif,0.0,-2.532812271586208
mp20-val-mp-1218047.cif,0.0,-1.096611374895833
mp20-val-mp-1184281.cif,0.0,-0.3906610083333337
mp20-val-mp-976254.cif,0.0,-0.0296961049999999
mp20-val-mp-8111.cif,4.219,-4.252205350833333
mp20-val-mp-1101816.cif,0.0,-0.676161825
mp20-val-mp-1313114.cif,0.988,-2.712696546666668
mp20-val-mp-1216681.cif,0.0,-0.4019852487500017
mp20-val-mp-1232385.cif,2.2884,-2.101817748928572
mp20-val-mp-16509.cif,0.0,-0.5225841233333336
mp20-val-mp-16045.cif,0.0,-0.6231283606060614
mp20-val-mp-31387.cif,0.0,-0.8989870774999993
mp20-val-mp-753694.cif,3.2309,-2.922385338541667
mp20-val-mp-978532.cif,0.0,-0.5301949125000007
mp20-val-mp-20170.cif,0.0,-1.4719943454062487
mp20-val-mp-582549.cif,0.9209000000000004,-0.5202900271428571
mp20-val-mp-570695.cif,2.4178,-0.8379906244444446
mp20-val-mp-19813.cif,0.0,-2.170353940384615
mp20-val-mp-2079.cif,1.0654,-0.4325792500000006
mp20-val-mp-8624.cif,1.6526999999999998,-1.748454015857143
mp20-val-mvc-13858.cif,0.0072,-2.095260588666666
mp20-val-mp-1205516.cif,0.0,-0.3992473590000003
mp20-val-mp-1216377.cif,0.0,-0.9878618496428564
mp20-val-mp-2513.cif,0.2850000000000001,-0.5176526591666661
mp20-val-mp-31470.cif,0.0,-0.1839794382567049
mp20-val-mp-1184687.cif,0.0,0.0191978349999999
mp20-val-mp-1521886.cif,0.2363999999999997,-3.594796942
mp20-val-mp-1219228.cif,0.0,-0.3802620919230773
mp20-val-mp-1217864.cif,0.0,-0.2127285558333345
mp20-val-mp-1147623.cif,3.2585,-2.718574084750001
mp20-val-mp-1228396.cif,2.5741,-3.5807445705
mp20-val-mp-29725.cif,0.0,-0.7739506211666665
mp20-val-mp-1216639.cif,0.0,-0.2505791100000003
mp20-val-mp-1521005.cif,3.4024,-3.026423891666666
mp20-val-mp-21431.cif,0.0,-0.3915143900000002
mp20-val-mp-1520882.cif,1.0145,-2.555093968655173
mp20-val-mp-9907.cif,0.0,-0.6018087416666669
mp20-val-mp-1213113.cif,0.0,-0.992800013888889
mp20-val-mp-1001612.cif,0.0,-0.7641476949999992
mp20-val-mp-554140.cif,0.0,-1.0970901455952389
mp20-val-mp-1205975.cif,0.0,-0.6814006122222219
mp20-val-mp-1226575.cif,0.0,-0.0342178376470585
mp20-val-mp-1078857.cif,0.0,-0.4529148799999992
mp20-val-mp-1113579.cif,0.5524,-2.349020545
mp20-val-mp-776635.cif,3.66,-2.9177901830208337
mp20-val-mp-1025571.cif,1.6345,-1.1530383609722226
mp20-val-mp-1218966.cif,0.1058000000000003,-0.543588206223958
mp20-val-mp-1223495.cif,4.2207,-2.622377289833333
mp20-val-mp-19431.cif,1.4981999999999998,-2.381754347692308
mp20-val-mp-17869.cif,0.0808999999999999,-2.309230481310345
mp20-val-mp-1229039.cif,0.0,-0.3530532075000003
mp20-val-mp-9145.cif,1.6754,-1.1375686211718754
mp20-val-mp-964.cif,0.0,-0.9461116589285712
mp20-val-mp-1226386.cif,0.2728000000000001,-0.7474855000223205
mp20-val-mp-2410.cif,0.0,-0.1859469349999999
mp20-val-mp-13906.cif,0.0,-2.4174673975000003
mp20-val-mp-756147.cif,1.4759000000000002,-2.1305426765
mp20-val-mp-28020.cif,2.5145,-1.5768964483333334
mp20-val-mp-1206875.cif,0.0,-1.0045974540000002
mp20-val-mp-1186521.cif,0.0,0.0253898968750005
mp20-val-mp-8607.cif,0.0,-0.154240753793103
mp20-val-mp-989651.cif,0.9563,-0.974258128229166
mp20-val-mp-1221799.cif,0.0,-1.55448934455665
mp20-val-mp-23485.cif,1.456,-0.5161846926190476
mp20-val-mp-29764.cif,6.7,-2.487119404375
mp20-val-mp-21166.cif,0.2911999999999999,-0.5826177880555553
mp20-val-mp-12598.cif,0.0,-0.8072963512499998
mp20-val-mp-977545.cif,0.0,-0.2598825824999995
mp20-val-mp-1206742.cif,1.5355000000000003,-1.6374806191145836
mp20-val-mp-31379.cif,0.0,-0.7097692983333334
mp20-val-mp-1247020.cif,1.6061999999999994,-1.3957981617857145
mp20-val-mp-140.cif,0.0,0.0241731725000002
mp20-val-mp-778194.cif,2.4588,-0.7838236020000003
mp20-val-mp-755878.cif,0.0,-1.704919132916667
mp20-val-mp-1213650.cif,0.5140000000000002,-1.5638147046488864
mp20-val-mp-1070314.cif,0.0,-0.6209956209999994
mp20-val-mp-1112531.cif,3.2316000000000003,-1.8399299448362072
mp20-val-mp-8670.cif,0.0,-1.0773968164285708
mp20-val-mp-569768.cif,0.0,-0.3669140683333336
mp20-val-mp-1187319.cif,0.0,0.0215962174999999
mp20-val-mp-865920.cif,0.0,-0.3405842743749998
mp20-val-mp-1224602.cif,1.5103,-1.1263958980555562
mp20-val-mp-978522.cif,0.0,-0.7233464079166669
mp20-val-mp-675087.cif,1.4199000000000002,-2.428120690500001
mp20-val-mvc-8370.cif,1.5548,-1.998701376666668
mp20-val-mp-865799.cif,0.1623999999999998,-1.08408882625
mp20-val-mp-16481.cif,0.0,-0.4977116177777786
mp20-val-mp-1029466.cif,0.0,-0.096699654683908
mp20-val-mp-1077901.cif,0.2313,-0.5100107851785712
mp20-val-mp-1113329.cif,0.0,-3.0023054497931043
mp20-val-mp-1076718.cif,0.0,-2.5479880515772666
mp20-val-mp-1030340.cif,0.2076000000000002,-0.6429130880208334
mp20-val-mp-8110.cif,5.8626000000000005,-3.1183578568333337
mp20-val-mp-1225874.cif,1.6343,-2.5246988686590046
mp20-val-mp-865398.cif,0.0,-0.3746656012500002
mp20-val-mp-1216173.cif,0.0,-0.397074188888889
mp20-val-mp-1178210.cif,1.283,-2.1105081608333336
mp20-val-mp-1208772.cif,0.0,-2.761004457380952
mp20-val-mp-1025385.cif,0.0,-0.1715475657142856
mp20-val-mp-1217968.cif,0.0,-0.66613043591146
mp20-val-mp-1103089.cif,0.0,-0.3185647565277776
mp20-val-mp-19911.cif,0.0,-0.2016838416666669
mp20-val-mp-1183486.cif,0.0,0.0572615568749999
mp20-val-mp-1104857.cif,2.1186000000000003,-1.041609141555555
mp20-val-mp-7832.cif,0.0,-0.3676769858333326
mp20-val-mp-1105196.cif,0.5325000000000001,-1.2759415894444446
mp20-val-mp-1227917.cif,0.0,-2.852104355416666
mp20-val-mp-19218.cif,0.6448999999999998,-2.4411847295
mp20-val-mp-1216178.cif,0.0,-0.5452982966666661
mp20-val-mp-4340.cif,5.8729000000000005,-3.5012170272222214
mp20-val-mp-7798.cif,2.6376,-0.758754960000001
mp20-val-mp-1225433.cif,0.0,-0.5935411791666674
mp20-val-mp-569834.cif,0.0,-0.1891148095833332
mp20-val-mp-1222018.cif,1.8039,-2.212639486133004
mp20-val-mp-1106145.cif,0.0,-0.4617838981249997
mp20-val-mp-1078784.cif,0.0,-0.4894208643749991
mp20-val-mp-1277859.cif,0.6650999999999998,-2.043579419640805
mp20-val-mp-1205757.cif,0.0,-1.483282633333334
mp20-val-mp-1219065.cif,0.0,-0.222736284166667
mp20-val-mp-765807.cif,1.3433000000000006,-2.5127992547807034
mp20-val-mp-697030.cif,3.1709,-0.4467050027777774
mp20-val-mp-19761.cif,0.0,-0.6890443350000002
mp20-val-mp-22097.cif,0.0,-1.5038101161111106
mp20-val-mp-1104469.cif,0.7872000000000003,-1.3227875538218392
mp20-val-mp-1210460.cif,0.3649,-1.6626470154433497
mp20-val-mp-1216920.cif,0.0,-1.69457971475
mp20-val-mp-867867.cif,0.0,-0.7535764887499998
mp20-val-mp-23949.cif,3.5765,-0.4811111605000001
mp20-val-mp-763427.cif,1.5601,-2.52394468859375
mp20-val-mp-1219705.cif,0.0,0.0291747891666664
mp20-val-mp-676861.cif,1.6178,-2.5433669
mp20-val-mvc-6413.cif,0.6899000000000002,-2.1469822792857136
mp20-val-mp-1225459.cif,0.0,-0.6138374679999998
mp20-val-mp-4487.cif,0.0,-0.4751601671724145
mp20-val-mp-1183456.cif,0.0,-0.5059824091666663
mp20-val-mp-7883.cif,0.0,-0.4364521879999998
mp20-val-mp-1226618.cif,0.0,-0.4921681341666666
mp20-val-mp-753460.cif,3.8794,-1.8966242627777776
mp20-val-mp-1226612.cif,0.0,-0.0905124014035077
mp20-val-mp-1184662.cif,0.0,-0.4687487760416666
mp20-val-mp-35907.cif,1.0812999999999997,-1.719080369880953
mp20-val-mp-752483.cif,0.0,-2.6137383151190474
mp20-val-mp-1184431.cif,0.0,0.0459470899999985
mp20-val-mp-1212973.cif,0.0,-3.496568881388889
mp20-val-mp-1520455.cif,1.9852,-2.7599754405
mp20-val-mp-998155.cif,4.6611,-2.6004156228333333
mp20-val-mp-20771.cif,0.0,-0.3921332509999999
mp20-val-mp-13580.cif,0.0,-1.119570465833333
mp20-val-mp-20990.cif,0.0,-0.8987026379999996
mp20-val-mp-1025194.cif,0.0,-0.5582746757142851
mp20-val-mp-21502.cif,0.0,-0.1930878813888874
mp20-val-mp-753342.cif,0.0,-2.1359665388888884
mp20-val-mp-39144.cif,3.3139000000000003,-2.7054447005000006
mp20-val-mp-756884.cif,0.1392999999999999,-2.196860100390804
mp20-val-mp-1188330.cif,0.0,-0.7913601112499995
mp20-val-mp-1150.cif,0.0,-0.6727184099999999
mp20-val-mp-22613.cif,0.0,-1.3059533743750005
mp20-val-mp-1223691.cif,0.0,-2.24976950525
mp20-val-mp-1211320.cif,5.5594,-3.0061636653
mp20-val-mp-1295592.cif,0.6753,-1.4813313751250003
mp20-val-mp-11595.cif,0.0,-0.5822873731249998
mp20-val-mp-12896.cif,0.0,-0.5129815483333342
mp20-val-mp-755612.cif,3.644800000000001,-3.1339386010000005
mp20-val-mp-37620.cif,0.0,-2.145675582816093
mp20-val-mp-752917.cif,3.9304,-2.2757474162068974
mp20-val-mp-13125.cif,0.0,-0.5694756509999997
mp20-val-mvc-6545.cif,1.7393,-2.0875471249999995
mp20-val-mp-850188.cif,2.1574,-2.8235945761904766
mp20-val-mp-1103382.cif,0.0,-0.8819007450000006
mp20-val-mp-1185362.cif,0.0,-0.2809287933333326
mp20-val-mp-862956.cif,0.0,-0.6997064581250001
mp20-val-mp-1217162.cif,0.0,-0.5926624252777787
mp20-val-mp-1217322.cif,0.9465000000000005,-0.2434491661718751
mp20-val-mp-573891.cif,0.0042000000000002,-0.6725444244108792
mp20-val-mp-976743.cif,0.0,-0.2509469758333336
mp20-val-mp-4534.cif,3.4264,-1.8824705003879296
mp20-val-mp-625184.cif,3.973,-2.114515727833333
mp20-val-mp-771246.cif,0.3071000000000001,-2.26515782904762
mp20-val-mp-1206093.cif,0.0,-0.7329408874999999
mp20-val-mp-8280.cif,1.0664000000000002,-0.9450568880000002
mp20-val-mp-1218892.cif,0.2850000000000001,-0.6337028918359371
mp20-val-mp-3187.cif,2.229,-3.5906097180000005
mp20-val-mp-756498.cif,0.0,-1.452350076
mp20-val-mp-24012.cif,1.5500000000000005,-1.6471785091145836
mp20-val-mp-14069.cif,4.2784,-2.849798509482759
mp20-val-mp-1218275.cif,0.1071000000000008,-1.9151150054166663
mp20-val-mp-1226755.cif,0.0,-0.1864430020833326
mp20-val-mp-753454.cif,2.0703,-1.2281119550000006
mp20-val-mp-1225268.cif,0.0,-0.255915348333333
mp20-val-mp-568753.cif,0.0839999999999999,-0.7887535687499998
mp20-val-mp-23173.cif,2.5784,-0.5458711250000001
mp20-val-mp-754138.cif,2.835,-2.9668770282327586
mp20-val-mp-1216148.cif,0.0,-0.3886003451282063
mp20-val-mp-570425.cif,0.0,-0.3306365445833332
mp20-val-mp-1207716.cif,0.0,-0.679891442291666
mp20-val-mp-1025573.cif,1.2735,-0.3615566922222213
mp20-val-mp-1912.cif,0.0,-0.0496097533333332
mp20-val-mp-862565.cif,0.0,-1.796615241666667
mp20-val-mp-775973.cif,0.0,-2.1395955321666675
mp20-val-mp-972935.cif,0.0,-0.4199768837500004
mp20-val-mp-1206175.cif,0.0,-0.5288831816666667
mp20-val-mp-677.cif,0.0,-0.3368861055555558
mp20-val-mp-1025637.cif,0.0,-0.7391220534374996
mp20-val-mp-1019323.cif,1.5488,-1.480459375
mp20-val-mp-1205820.cif,0.0,-0.6834224766666664
mp20-val-mp-25424.cif,1.95,-1.792071359310346
mp20-val-mp-1173065.cif,0.9326,-1.5406706544791668
mp20-val-mvc-4795.cif,2.2744,-2.156276522142857
mp20-val-mp-1221495.cif,0.2942,-1.2704815568749996
mp20-val-mp-9495.cif,0.0,-2.2259075568421056
mp20-val-mp-865590.cif,0.0,-0.3090568474999999
mp20-val-mp-761276.cif,0.0,-1.6732100632738087
mp20-val-mp-1218862.cif,4.4684,-3.446934677870371
mp20-val-mp-760400.cif,0.8527,-1.6743984525235114
mp20-val-mp-568474.cif,0.0,-0.465895666904762
mp20-val-mp-1178023.cif,0.0,-1.961803878333333
mp20-val-mp-1187107.cif,0.0,0.0283434099999999
mp20-val-mp-1094108.cif,2.5893,-1.1140845032112072
mp20-val-mp-13478.cif,0.0,-0.7318972500000003
mp20-val-mp-1101836.cif,3.0057,-2.3950127216666672
mp20-val-mp-20351.cif,0.4664000000000001,-0.2057931366666663
mp20-val-mp-972326.cif,0.0,-0.0965289924999996
mp20-val-mp-642739.cif,2.2936,-1.4486208090862072
mp20-val-mp-2019.cif,0.0,-0.1319424883333321
mp20-val-mp-1219183.cif,0.0,-0.9171709266666674
mp20-val-mp-1187369.cif,0.0,0.0266164656250005
mp20-val-mp-1178521.cif,2.0984,-1.882135283571429
mp20-val-mp-1225405.cif,0.0,-0.3961621416666669
mp20-val-mp-1228895.cif,0.3362999999999996,-0.2421296543749997
mp20-val-mp-1214644.cif,0.0,-2.9493946654999994
mp20-val-mp-1112565.cif,2.9239,-2.5104590019195405
mp20-val-mp-567305.cif,0.0,-0.4130922224999995
mp20-val-mp-1218217.cif,0.0,-3.0667189033333337
mp20-val-mp-23130.cif,2.4428,-2.515857242619048
mp20-val-mp-1185433.cif,0.0,-0.4463305008333327
mp20-val-mp-1207686.cif,3.1031000000000004,-3.5492809608333338
mp20-val-mp-1071985.cif,0.0,-0.6918344466666669
mp20-val-mp-759662.cif,1.211,-2.666811629583335
mp20-val-mp-1094645.cif,0.0,-0.0760195356249995
mp20-val-mp-1217738.cif,0.0,-0.3855921816666665
mp20-val-mp-1187405.cif,0.0,-0.0109919725000002
mp20-val-mp-1079471.cif,0.0,-0.7699051822222214
mp20-val-mp-755964.cif,0.0,-1.9379924012547889
mp20-val-mp-1113621.cif,2.4879,-1.8796572632528736
mp20-val-mp-865506.cif,0.0,-0.3192580850000013
mp20-val-mp-1184067.cif,0.0,0.0041647624999994
mp20-val-mp-754334.cif,4.2345,-3.2008834983045977
mp20-val-mp-1218808.cif,0.0,-2.429027220888889
mp20-val-mp-865867.cif,0.0,-0.2513737216666669
mp20-val-mp-542985.cif,0.0,-0.7876427639999989
mp20-val-mp-1210422.cif,0.0,-1.0194156715119362
mp20-val-mp-7433.cif,0.0478,-0.7490963979651575
mp20-val-mp-4558.cif,4.105,-2.2978871192592587
mp20-val-mp-571166.cif,4.6838,-2.401791383333333
mp20-val-mp-570879.cif,0.0,-0.4436154522222229
mp20-val-mp-4419.cif,1.604,-2.8178028373103445
mp20-val-mp-1078457.cif,2.2161,-3.560918554333334
mp20-val-mp-7310.cif,5.0248,-3.5431965275
mp20-val-mp-861640.cif,0.0,-0.4396784604166672
mp20-val-mp-23275.cif,0.0,-2.043337883333333
mp20-val-mp-12520.cif,0.0,-0.4190622329166666
mp20-val-mp-23050.cif,2.978,-3.478309693333332
mp20-val-mp-999540.cif,0.0,-0.5932660751373922
mp20-val-mp-1025456.cif,6.6538,-4.146771990625
mp20-val-mp-1226052.cif,0.0,-0.4486647086718749
mp20-val-mp-1186119.cif,0.0,-0.2398593141379308
mp20-val-mp-5597.cif,0.0,-0.8438887993333324
mp20-val-mp-554278.cif,2.6944,-3.5016293386111115
mp20-val-mp-608146.cif,0.4579,-2.381468514375
mp20-val-mp-1185050.cif,0.0,-0.3414959550000001
mp20-val-mp-1206553.cif,0.0,-1.7468111063333331
mp20-val-mp-867124.cif,0.0,-0.491482865
mp20-val-mp-1189350.cif,0.0,-0.8404498111111107
mp20-val-mp-11843.cif,0.0,-0.3917681399999999
mp20-val-mp-1099747.cif,0.0,-2.648360983984676
mp20-val-mp-1190300.cif,0.0,-0.4005623716666662
mp20-val-mp-19768.cif,0.0,-0.4011407983333335
mp20-val-mp-1102616.cif,0.0,-0.1498763375000003
mp20-val-mp-998985.cif,0.0,-0.3872810341666666
mp20-val-mp-1224831.cif,0.1078999999999998,-0.2027101281250001
mp20-val-mp-1206191.cif,0.0,-0.4983637360606058
mp20-val-mp-1285.cif,0.6628999999999996,-0.9266780216666662
mp20-val-mp-9583.cif,4.3615,-2.865415839428572
mp20-val-mp-22024.cif,2.9747,-3.1765945025
mp20-val-mp-1227025.cif,0.1765999999999996,-0.56434532375
mp20-val-mp-862372.cif,0.0,-0.8195011787499995
mp20-val-mp-10598.cif,0.0,-0.0233113075000002
mp20-val-mp-1246448.cif,0.1371999999999995,-0.9117789749999992
mp20-val-mp-997095.cif,0.0,-0.82775952125
mp20-val-mvc-14346.cif,2.9282,-3.2402139041666658
mp20-val-mp-20096.cif,2.6338,-2.909971858491379
mp20-val-mp-567912.cif,0.0,-0.6941039277777779
mp20-val-mp-1223868.cif,0.0,-0.3614302699999996
mp20-val-mp-1003637.cif,0.3112999999999997,-1.9684813017126443
mp20-val-mp-1185964.cif,0.0,-0.2406248962499999
mp20-val-mp-1189366.cif,0.0,-0.5255459818750001
mp20-val-mp-11568.cif,0.0,-0.3786574991666667
mp20-val-mp-1079079.cif,0.0,-0.7889477944444442
mp20-val-mp-1185012.cif,0.0,-0.3692063979166664
mp20-val-mp-20034.cif,0.0,-0.5208819899999999
mp20-val-mp-1072553.cif,0.0,-0.3708713961111112
mp20-val-mp-569983.cif,0.0,-0.4457084239374992
mp20-val-mp-753813.cif,5.0529,-1.183822629444445
mp20-val-mp-1094759.cif,0.0,-0.00960659375
mp20-val-mp-1079072.cif,0.0,-0.0736268975
mp20-val-mp-7097.cif,0.0,-1.0487970383333334
mp20-val-mp-1186956.cif,0.0,-1.1148668199999987
mp20-val-mp-12900.cif,0.0,-0.7891154650000001
mp20-val-mp-545756.cif,4.2721,-1.908819528854167
mp20-val-mp-1206720.cif,0.0,-0.9403090216666664
mp20-val-mp-1225254.cif,0.0,-0.456250685555555
mp20-val-mp-1030961.cif,0.3087,-0.922300713098958
mp20-val-mp-5621.cif,1.7916,-0.8482220390625006
mp20-val-mp-756235.cif,3.234,-2.020808119722222
mp20-val-mp-9550.cif,0.0,-0.6005882898659023
mp20-val-mp-3082.cif,5.684,-2.7501653805208326
mp20-val-mp-1029367.cif,0.0,-0.3319804057327591
mp20-val-mp-1179514.cif,0.0,-0.5465153012500004
mp20-val-mp-31256.cif,1.2843,-2.5767910133333327
mp20-val-mp-1225421.cif,0.0,-0.2147049389473681
mp20-val-mp-1216881.cif,0.0,-0.2722744438461542
mp20-val-mp-1080677.cif,0.8718999999999997,-0.4911992607395831
mp20-val-mp-1080442.cif,0.0,-0.3831912091666665
mp20-val-mp-1224980.cif,0.0,-0.5245319829166668
mp20-val-mp-564.cif,0.0,-0.5763426250000006
mp20-val-mp-11214.cif,0.0,-0.7607002913888893
mp20-val-mp-1877.cif,0.0,-0.4217426525000003
mp20-val-mp-1892.cif,0.0,-0.5254665783333335
mp20-val-mp-28345.cif,0.3001,-1.1928966547368425
mp20-val-mp-559122.cif,1.256,-2.184234823125001
mp20-val-mp-1221771.cif,0.0,-0.4043167583661733
mp20-val-mp-14039.cif,2.066,-2.6403530157551724
mp20-val-mp-1018807.cif,1.3035999999999994,-0.9852340832291672
mp20-val-mp-28862.cif,0.0,-1.43602336382353
mp20-val-mp-29900.cif,0.0,-0.1639523483333332
mp20-val-mp-1018071.cif,0.0,-0.110021598232759
mp20-val-mp-1220202.cif,0.0,-0.689003324166667
mp20-val-mp-551.cif,0.0,-0.1988490883333339
mp20-val-mp-1215318.cif,0.0,-0.4029133983333335
mp20-val-mp-8695.cif,0.0,-0.5407143406591238
mp20-val-mp-1104937.cif,0.0,-0.1911793635714279
mp20-val-mp-7948.cif,0.0,-0.2659229124999989
mp20-val-mp-1227379.cif,0.0,-0.5621176000000006
mp20-val-mp-20671.cif,0.0,-0.3358703183333335
mp20-val-mp-1208239.cif,0.0,-0.3478968462962963
mp20-val-mp-567370.cif,0.0,-2.1136486291964283
mp20-val-mp-1183219.cif,0.0,-0.2462174433333335
mp20-val-mp-20396.cif,1.509,-3.1066216829687487
mp20-val-mp-1220541.cif,0.0,-1.0678490656730764
mp20-val-mp-1220822.cif,2.9138,-3.411658702655173
mp20-val-mp-1216176.cif,0.0,0.0034422864102557
mp20-val-mp-24522.cif,0.0,-1.5055509075694449
mp20-val-mp-1228799.cif,0.4581999999999997,0.059072495833333
mp20-val-mp-1227660.cif,0.0,-0.4832264387499994
mp20-val-mp-1188195.cif,0.0,-0.5982739987499999
mp20-val-mp-569431.cif,0.0,-0.9997621223809512
mp20-val-mp-23503.cif,3.7918,-1.905973923965517
mp20-val-mp-1186612.cif,0.0,-0.0937466643749997
mp20-val-mp-1038949.cif,0.0,0.0503705658333334
mp20-val-mp-29662.cif,0.3474999999999997,-0.6860900195052082
mp20-val-mp-1101907.cif,0.0,-0.151577113333334
mp20-val-mp-10301.cif,0.0,-2.8066572568333337
mp20-val-mp-1080428.cif,0.8733,-1.3263160749999998
mp20-val-mvc-15332.cif,0.6595999999999997,-1.6073132149999998
mp20-val-mp-1078600.cif,1.287,-1.0996319745833336
mp20-val-mp-1223327.cif,4.0322,-3.257276733125
mp20-val-mp-30183.cif,0.0,-0.5905424937500001
mp20-val-mp-1215191.cif,0.0,-0.3866209683333332
mp20-val-mp-1221068.cif,0.0001000000000006,-3.44676328632184
mp20-val-mp-1113549.cif,0.3314000000000003,-1.0083708467500003
mp20-val-mp-638084.cif,0.0,-0.7063175487500004
mp20-val-mp-3092.cif,0.0,-0.4733372122222228
mp20-val-mp-976600.cif,0.0,-0.2312174208333317
mp20-val-mp-556792.cif,3.819,-3.505497260925926
mp20-val-mp-1246564.cif,0.0,-0.2285587433333328
mp20-val-mp-1184890.cif,0.0,-0.4214363524999989
mp20-val-mp-1104062.cif,1.8012,-1.3242488444345235
mp20-val-mp-1187991.cif,0.0,-0.3980857683333334
mp20-val-mp-867257.cif,0.0,-0.37231332625
mp20-val-mp-1228986.cif,5.8135,-1.620190087291667
mp20-val-mp-545999.cif,0.1185999999999998,-1.4297878453333333
mp20-val-mp-1216595.cif,0.4878999999999998,-0.4800999230338538
mp20-val-mp-1216635.cif,0.0,-0.5687160494444458
mp20-val-mp-1216787.cif,2.4236,-2.9183172786111107
mp20-val-mp-4809.cif,1.5693,-0.8280167260714286
mp20-val-mp-1111229.cif,4.8411,-2.3968798092551724
mp20-val-mp-974713.cif,3.3158,-0.4029113380000001
mp20-val-mp-1094734.cif,0.0,-0.0494894649999999
mp20-val-mp-1102133.cif,0.0,-0.9918405536111106
mp20-val-mp-1190293.cif,0.0,-0.2063671649999996
mp20-val-mp-17124.cif,0.0,-0.6800496062499999
mp20-val-mp-1216626.cif,0.0,-0.0061388612820514
mp20-val-mp-1208504.cif,0.0,-0.5727355233333332
mp20-val-mp-1245510.cif,2.9642,-0.9843987243749996
mp20-val-mp-28477.cif,5.279400000000001,-1.2334105496296293
mp20-val-mp-568925.cif,0.0,-0.2132308642857141
mp20-val-mp-1208662.cif,0.3156000000000001,-1.4664313802083333
mp20-val-mp-639727.cif,0.0,0.0262119120689655
mp20-val-mp-1227663.cif,0.0,-0.4027111887499999
mp20-val-mp-1209751.cif,1.6564,-2.7638477492931046
mp20-val-mp-1227177.cif,0.0,-0.3913000725000006
mp20-val-mp-1103912.cif,0.1129,-1.969792469342672
mp20-val-mp-522.cif,0.0,-0.0481377249999996
mp20-val-mp-982730.cif,0.0,-0.6560117375000001
mp20-val-mp-777544.cif,0.7000000000000001,-1.9585737943055552
mp20-val-mp-1077295.cif,0.0,-0.4186572724999997
mp20-val-mp-22687.cif,0.0,-0.3528979760000002
mp20-val-mp-1105218.cif,0.0,-1.6543901978103448
mp20-val-mp-1220294.cif,0.0,-0.6818820400000004
mp20-val-mp-978545.cif,0.0,-0.3828586629166666
mp20-val-mp-4906.cif,3.2922,-1.6925202278124991
mp20-val-mp-1214784.cif,1.0029000000000003,-0.3840203341145833
mp20-val-mp-10226.cif,2.3173000000000004,-2.097679689867098
mp20-val-mp-1222367.cif,4.3294,-2.597650299861112
mp20-val-mp-1206321.cif,3.6794,-1.9511573501666668
mp20-val-mp-11497.cif,0.0,-0.0668413558333333
mp20-val-mp-569935.cif,0.0,-1.4961494792592598
mp20-val-mp-1246496.cif,0.0,-0.5766144626666673
mp20-val-mp-980201.cif,0.0,-0.9096624066666656
mp20-val-mp-1102580.cif,0.4487999999999985,-0.3392000958333335
mp20-val-mp-1218130.cif,0.0,-2.481201625166667
mp20-val-mp-15322.cif,0.0,-0.6450518072222222
mp20-val-mp-864883.cif,0.0,-0.6797298812499992
mp20-val-mp-1188558.cif,0.0206999999999997,-0.6654502084375
mp20-val-mp-1174259.cif,0.6049000000000002,-2.016170491382903
mp20-val-mp-1218028.cif,0.0,-1.352168117416667
mp20-val-mp-1102468.cif,0.0,-0.1627054604166673
mp20-val-mp-867261.cif,4.1334,-2.7843622588095243
mp20-val-mp-23077.cif,0.0,-2.344278799540229
mp20-val-mp-642845.cif,2.7373000000000003,-0.4219286225
mp20-val-mp-14435.cif,2.0081,-1.1964893165758927
mp20-val-mp-16514.cif,0.0,-0.5658915687500006
mp20-val-mp-753150.cif,0.0,-1.9439279432528744
mp20-val-mp-976135.cif,0.0,0.0322868787499999
mp20-val-mp-1218427.cif,5.1811,-2.861677081777778
mp20-val-mp-10581.cif,0.0,-0.4435924500000006
mp20-val-mp-1078093.cif,0.0,-0.1439058564285714
mp20-val-mp-1079034.cif,2.0469,-0.9149923886718748
mp20-val-mp-1246514.cif,1.2754999999999996,-2.1390083684490744
mp20-val-mp-21157.cif,0.0,-0.8149081088888886
mp20-val-mp-1184416.cif,0.0,-0.5607380025000008
mp20-val-mp-1068319.cif,0.0,-0.5285465100000003
mp20-val-mp-862723.cif,0.0,-0.1795487462499991
mp20-val-mp-1029378.cif,1.3582999999999998,-0.5574958883333329
mp20-val-mp-33024.cif,4.1036,-0.3055986577083332
mp20-val-mp-861872.cif,0.0,-0.4927590087500002
mp20-val-mp-13475.cif,0.0,-0.9406138475
mp20-val-mp-1019551.cif,4.8791,-2.958311872840722
mp20-val-mp-579628.cif,0.0,-0.3099329761111112
mp20-val-mp-104.cif,0.0,0.0
mp20-val-mp-1213622.cif,0.5263,-1.599085170714286
mp20-val-mp-753823.cif,1.9589,-4.25270747875
mp20-val-mp-23360.cif,3.2192,-1.0571012105555555
mp20-val-mp-1095544.cif,0.0,-0.8289366133333331
mp20-val-mp-8483.cif,4.9437,-2.1611872931875005
mp20-val-mp-1025323.cif,0.0,-0.3056125314285702
mp20-val-mp-1103809.cif,0.0,-0.2138517475961532
mp20-val-mvc-8132.cif,1.7799999999999998,-2.271143581
mp20-val-mp-1103423.cif,0.0,-1.220590671944444
mp20-val-mp-1095027.cif,0.0,-0.4107274633333328
mp20-val-mp-9498.cif,3.8392,-2.3753989742857136
mp20-val-mvc-12368.cif,2.9277999999999995,-3.5439180414583333
mp20-val-mp-776156.cif,3.4012,-3.001661629752874
mp20-val-mp-1176622.cif,2.3742,-2.863903393544061
mp20-val-mp-1097028.cif,0.0,-1.432824227838541
mp20-val-mp-15179.cif,0.7775000000000003,-2.355719752875001
mp20-val-mp-1104843.cif,0.4001999999999994,-0.6327564155468748
mp20-val-mp-1222743.cif,0.0,-1.8230090748958323
mp20-val-mp-864667.cif,0.0,-0.5661724183333332
mp20-val-mp-1216.cif,3.5311000000000003,-3.6297129975
mp20-val-mp-571558.cif,1.6827,-0.7872903288888887
mp20-val-mp-974307.cif,1.5187000000000008,-2.07464623375
mp20-val-mp-23918.cif,4.9716000000000005,-0.2139628248419545
mp20-val-mp-8062.cif,1.5936000000000003,-0.2036110399999993
mp20-val-mp-30195.cif,0.0,-0.8708942929166676
mp20-val-mp-10910.cif,0.0963999999999991,-0.7188397850000001
mp20-val-mvc-15177.cif,2.9267000000000003,-2.9078021325
mp20-val-mp-1113451.cif,2.888,-1.8378719042528733
mp20-val-mp-14696.cif,0.0,-0.6856306933333333
mp20-val-mp-1222350.cif,5.9657,-2.6903557398697924
mp20-val-mp-18763.cif,2.1883000000000004,-3.010056718333334
mp20-val-mp-772222.cif,5.094099999999999,-3.5143539988888883
mp20-val-mp-1094769.cif,0.0,0.0245838699999989
mp20-val-mp-16455.cif,1.3542000000000003,-2.0631838378472227
mp20-val-mp-1112002.cif,2.6752,-1.82688262566954
mp20-val-mp-1227101.cif,3.8748999999999993,-3.484112546875
mp20-val-mp-636773.cif,0.0,-0.7928524107142861
mp20-val-mp-1080747.cif,1.2547999999999997,-1.8839163825000007
mp20-val-mp-1025468.cif,0.0,-0.63744984625
mp20-val-mp-1349.cif,0.0,-0.8524458972222213
mp20-val-mp-1205720.cif,0.0,-0.5053017441724137
mp20-val-mp-865751.cif,0.0,-0.776363505
mp20-val-mp-974625.cif,0.0,-0.0523176599999999
mp20-val-mp-572313.cif,0.0,-1.1216904373076926
mp20-val-mp-2263.cif,0.0,-0.7609045849999999
mp20-val-mp-22482.cif,0.0,-0.0100350850132625
mp20-val-mp-754050.cif,0.0,-2.039755255560344
mp20-test-mp-10009.cif,0.8979999999999997,-0.5750923537499997
mp20-test-mp-1218989.cif,0.0,-0.9424875249999998
mp20-test-mp-1225695.cif,0.0,0.0648625199999992
mp20-test-mp-1220884.cif,0.0,-1.4561157974835797
mp20-test-mp-1224266.cif,0.0,0.024139116657088
mp20-test-mp-1002572.cif,0.8595000000000002,-2.117313932191093
mp20-test-mp-626680.cif,2.4707,-1.3611600689999996
mp20-test-mp-1228956.cif,0.0,-0.1391864480000002
mp20-test-mp-1219335.cif,0.0,0.0149259842307692
mp20-test-mp-1219027.cif,0.0,-0.4381395181250003
mp20-test-mp-867922.cif,0.0,-1.089973603749999
mp20-test-mp-4073.cif,0.0,-0.5177551386666664
mp20-test-mp-11131.cif,2.0282,-0.7979987577333333
mp20-test-mp-1215627.cif,0.0,-0.3793031966666653
mp20-test-mp-1223834.cif,0.0,-0.6019361000000005
mp20-test-mp-1516449.cif,0.0,-2.6184023559999985
mp20-test-mp-1225183.cif,0.0,-0.3372425495572919
mp20-test-mp-1094830.cif,0.0,-0.00851756
mp20-test-mp-849335.cif,1.6513999999999998,-2.65167092125
mp20-test-mp-758558.cif,0.0,-0.9299982566666666
mp20-test-mp-1207672.cif,0.0,-1.0417059622222216
mp20-test-mp-2452.cif,5.2021,-2.438859942380953
mp20-test-mp-12398.cif,0.0,-0.2302993838461534
mp20-test-mp-1101094.cif,1.7090999999999998,-2.45650855454023
mp20-test-mp-1218090.cif,0.0,-0.2190308175000007
mp20-test-mp-972370.cif,0.0,-0.5622260637499998
mp20-test-mp-1224851.cif,0.7335000000000003,-0.6582163459821432
mp20-test-mp-1222864.cif,3.4339,-3.0511157485
mp20-test-mp-1189226.cif,0.0,-0.3854376174074079
mp20-test-mp-1225753.cif,0.0,-2.414236919293104
mp20-test-mp-3833.cif,0.0,0.0212744759999992
mp20-test-mp-1187801.cif,0.0,0.0046414499999993
mp20-test-mp-1221513.cif,0.0,-0.3099516280555552
mp20-test-mp-9029.cif,0.8535999999999997,-1.215528256428571
mp20-test-mp-1206059.cif,1.4031,-1.989393484155172
mp20-test-mp-602328.cif,0.0,-0.7620204789999996
mp20-test-mp-1113597.cif,0.2734999999999998,-1.7969229465000005
mp20-test-mp-16965.cif,0.0,-0.8271302277083334
mp20-test-mp-568005.cif,4.397,-2.345942706086207
mp20-test-mp-1226317.cif,0.0,-0.699794922514881
mp20-test-mp-1187379.cif,0.0,0.02494013
mp20-test-mp-1205580.cif,0.0,-0.6030564540000001
mp20-test-mp-1190090.cif,0.0,-0.4359417918749999
mp20-test-mp-867114.cif,0.0,-0.3739129812499993
mp20-test-mp-1078849.cif,0.2246000000000005,-0.6729073813333329
mp20-test-mp-1212903.cif,0.0,-0.7514008208333328
mp20-test-mp-1183241.cif,0.0,0.0417509537500002
mp20-test-mp-505312.cif,0.0,-2.118357474557292
mp20-test-mp-768203.cif,5.398300000000001,-0.1664982727777777
mp20-test-mp-863742.cif,0.0,-0.4104085699999995
mp20-test-mp-1025128.cif,0.0,-0.4246051150000009
mp20-test-mp-1208345.cif,0.1139999999999998,-1.4501692209062491
mp20-test-mp-985296.cif,0.0,-0.0517928800000002
mp20-test-mp-625409.cif,4.096500000000001,-2.223575312142857
mp20-test-mp-1178005.cif,0.1163999999999996,-0.6719921467824079
mp20-test-mp-1184723.cif,0.0,0.0035223349999995
mp20-test-mp-1079498.cif,0.0,-0.3178168939999999
mp20-test-mp-643047.cif,3.2081,-0.6766220017647062
mp20-test-mp-1183742.cif,0.0,-0.2499975568749999
mp20-test-mp-1077904.cif,2.5527,-1.557996788571428
mp20-test-mp-12748.cif,0.0,0.0726488405459768
mp20-test-mp-1225266.cif,0.0,-0.2128801335416668
mp20-test-mp-1206085.cif,0.0,-2.231473114116379
mp20-test-mp-34127.cif,0.1469,-0.367731069387931
mp20-test-mp-555560.cif,3.2184,-1.7311974683333338
mp20-test-mp-1079397.cif,0.0,-0.4368683162499995
mp20-test-mp-1187511.cif,0.0,-0.2880277033333325
mp20-test-mp-1205770.cif,0.0,-0.2961092944444444
mp20-test-mp-1279484.cif,0.0,-0.7913987329166661
mp20-test-mp-1111218.cif,4.9652,-2.4243685349218387
mp20-test-mp-972063.cif,0.0,-0.3498867875
mp20-test-mp-1520921.cif,0.0097000000000004,-3.050072192499999
mp20-test-mp-1205683.cif,1.5968,-2.0430038648862068
mp20-test-mp-1220892.cif,0.0,-2.501453586827586
mp20-test-mp-1025331.cif,0.0,-0.6061137280059528
mp20-test-mp-978949.cif,0.0,0.0115662987500009
mp20-test-mp-568802.cif,1.7796000000000003,-0.6792637158729165
mp20-test-mp-567510.cif,0.0373999999999998,-0.584302603333334
mp20-test-mp-1224282.cif,0.7587000000000002,-1.784428401822917
mp20-test-mp-1212739.cif,0.0,-2.675561286208333
mp20-test-mp-1184270.cif,0.0,-0.4107466462499998
mp20-test-mp-1102452.cif,0.0,-0.7318065858333339
mp20-test-mp-9632.cif,0.0,-2.724863305991379
mp20-test-mp-972640.cif,0.0,-0.3344843312499996
mp20-test-mp-1223856.cif,1.0657,-0.4979878651041662
mp20-test-mp-1025222.cif,0.0,-0.3932076146205351
mp20-test-mp-1190224.cif,0.0018000000000002,-0.6982914334374999
mp20-test-mp-1077536.cif,0.0,-0.0488500183333335
mp20-test-mp-1215208.cif,0.0,-0.8934602966666674
mp20-test-mp-767409.cif,0.6476000000000002,-0.9842453128273811
mp20-test-mp-755040.cif,0.0,-0.7870267010000006
mp20-test-mp-1236924.cif,2.0825,-2.5810365034
mp20-test-mp-1224485.cif,0.0,-1.559839317906249
mp20-test-mp-1211616.cif,0.0,-1.5611660667499998
mp20-test-mp-976876.cif,1.6843,-0.0914878431999994
mp20-test-mp-1220283.cif,0.0,-0.3081641274999995
mp20-test-mp-1220149.cif,0.0,-0.188387445
mp20-test-mp-983062.cif,0.0,0.0280595277499999
mp20-test-mp-19755.cif,0.0,-1.643196530208333
mp20-test-mp-1223853.cif,4.5301,-3.0177589132820515
mp20-test-mp-1113037.cif,0.0,-2.499917036386207
mp20-test-mp-1080691.cif,1.0803999999999996,-0.7762874006249998
mp20-test-mp-1025044.cif,0.0,-0.5013759700000003
mp20-test-mp-1025578.cif,0.0039000000000002,-0.7391986256597218
mp20-test-mp-1220259.cif,0.0,-0.2980315977777776
mp20-test-mp-1025280.cif,0.0,-2.9741524126190475
mp20-test-mp-1183582.cif,0.0,-0.5135377575
mp20-test-mp-1521619.cif,0.0,-2.8600719995
mp20-test-mp-1102836.cif,0.795799999999999,-0.4193726577083332
mp20-test-mp-7751.cif,0.0,-0.5194992083333325
mp20-test-mp-865568.cif,0.0,-0.1980535762500004
mp20-test-mp-1207089.cif,0.0,-0.3850215650000002
mp20-test-mp-1220596.cif,0.0,-1.2408481716666666
mp20-test-mp-865857.cif,0.0,-0.1638404275000002
mp20-test-mp-1223742.cif,0.0,-0.636801351666667
mp20-test-mvc-3998.cif,0.0,-1.7696274735000004
mp20-test-mp-13018.cif,0.0,-0.1055344008333338
mp20-test-mp-1105630.cif,0.0,-0.3406869158333331
mp20-test-mp-862548.cif,0.0,-0.4249137424999993
mp20-test-mp-571461.cif,0.8536999999999999,-0.4557927788571427
mp20-test-mp-1112171.cif,0.9085,-1.4573560211
mp20-test-mp-1520691.cif,0.3481000000000005,-3.632585352
mp20-test-mp-1207090.cif,0.0,-0.3682666487499997
mp20-test-mp-1215637.cif,0.0,-0.2808656695833331
mp20-test-mp-1212916.cif,0.0,-3.383126613333333
mp20-test-mp-1187314.cif,0.0,0.0214109983333337
mp20-test-mp-1022963.cif,0.0,-0.9383546537500004
mp20-test-mp-7808.cif,0.5677000000000003,-0.6662240812500002
mp20-test-mp-1094982.cif,0.0,-0.0304023116666667
mp20-test-mp-1206373.cif,0.0,-1.5326117520052085
mp20-test-mp-1103481.cif,0.0,-0.4902668209090912
mp20-test-mp-1080439.cif,0.8204000000000002,-0.4313108356666667
mp20-test-mp-5381.cif,0.0,-1.5089198006666664
mp20-test-mp-30160.cif,4.2782,-0.398912776428572
mp20-test-mp-7791.cif,5.7562,-3.018082091296296
mp20-test-mp-1225220.cif,0.0,-0.4111936847222222
mp20-test-mp-494.cif,0.0,-0.149829453749998
mp20-test-mp-3772.cif,1.3487,-0.8906563577678567
mp20-test-mp-1211671.cif,0.0,-0.768178436875
mp20-test-mp-34433.cif,0.0,-2.498585911428571
mp20-test-mp-1112445.cif,0.0,-1.2766833551
mp20-test-mp-1183366.cif,0.0,-0.249245575
mp20-test-mp-1208573.cif,0.0,-0.2663422524999998
mp20-test-mp-866185.cif,0.0,-0.5802800912499997
mp20-test-mp-1208241.cif,0.0,-1.2958469870833336
mp20-test-mp-12455.cif,1.6667000000000003,-1.6229396026041671
mp20-test-mp-548469.cif,2.2367,-2.0780484457812505
mp20-test-mp-1187270.cif,0.0,-0.6197930475000009
mp20-test-mp-21383.cif,0.0,-0.972620519
mp20-test-mp-30673.cif,0.0,-0.4593935908333328
mp20-test-mp-18821.cif,0.0,-3.318060885964912
mp20-test-mp-1303766.cif,0.5842,-1.893582444324713
mp20-test-mp-1223845.cif,0.0,-0.5376835603333324
mp20-test-mp-1212638.cif,0.726,-2.491866265789473
mp20-test-mp-606711.cif,4.7641,-2.1694539196408043
mp20-test-mp-1106337.cif,0.0,-1.6382286245862077
mp20-test-mp-1111671.cif,5.3038,-3.0268032914333336
mp20-test-mp-777448.cif,2.6698000000000004,-3.058384466666667
mp20-test-mp-1224999.cif,0.0,-0.3710220958333332
mp20-test-mp-567614.cif,0.0,-0.6764928190000006
mp20-test-mp-3597.cif,0.0,-2.1816050769999995
mp20-test-mp-29658.cif,0.0,-0.5372645220000003
mp20-test-mp-3972.cif,0.0,-3.4310478946250003
mp20-test-mp-1189857.cif,1.528,-1.798745075421457
mp20-test-mp-1101099.cif,0.0,-1.7068239202083348
mp20-test-mp-4374.cif,0.0,-1.301116251041666
mp20-test-mp-1102310.cif,0.0,-0.6718754175000008
mp20-test-mp-1219140.cif,0.0,-2.263457010520834
mp20-test-mp-1520763.cif,0.2422000000000004,-2.9146899656666663
mp20-test-mp-1213732.cif,0.0,0.0002372683333338
mp20-test-mp-1080606.cif,0.0,-1.0947415820000004
mp20-test-mp-20000.cif,0.0,-0.531186903999999
mp20-test-mp-11778.cif,0.0,-1.4927012589924566
mp20-test-mp-1271286.cif,1.6382,-2.148189506875001
mp20-test-mp-1190131.cif,1.6446000000000005,-2.379585778875001
mp20-test-mp-1225783.cif,0.9850000000000004,-0.4682575651041674
mp20-test-mp-753048.cif,1.8367,-2.759993028611111
mp20-test-mp-3077.cif,0.0,-0.6582420266666672
mp20-test-mp-23164.cif,1.0908000000000002,-0.6415154649062493
mp20-test-mp-11360.cif,0.0,-0.3811806931249997
mp20-test-mp-1079836.cif,2.7976,-0.3317895928124992
mp20-test-mp-1220080.cif,0.0,-0.3697702212500005
mp20-test-mp-567628.cif,4.2324,-2.1162584303333336
mp20-test-mp-2066.cif,0.0,-0.1193079724999996
mp20-test-mp-1206533.cif,0.0,-0.4367086049999997
mp20-test-mp-1025510.cif,0.0,-0.4846656086718752
mp20-test-mp-19272.cif,0.2991000000000001,-2.7787706633333342
mp20-test-mp-754836.cif,0.5956000000000001,-2.758806240416666
mp20-test-mp-1216751.cif,1.5845000000000002,-2.9256096078703706
mp20-test-mp-557426.cif,2.6073,-3.411809827204434
mp20-test-mp-1218310.cif,0.0,-2.0542832861666667
mp20-test-mp-2698.cif,0.0,-0.2610589988888894
mp20-test-mp-765552.cif,0.4936000000000002,-1.894172688074713
mp20-test-mp-1186185.cif,0.0,-0.0791951308045977
mp20-test-mp-1210574.cif,0.0,-3.403059088421054
mp20-test-mp-1247428.cif,0.0,-0.9081649685714278
mp20-test-mp-1025155.cif,0.0,-0.4484019846428576
mp20-test-mp-31347.cif,0.0,-0.7472597377777777
mp20-test-mp-1221194.cif,3.4673,-2.640078783512931
mp20-test-mp-569843.cif,1.5366,-1.1667346343103453
mp20-test-mp-1217683.cif,0.0,-0.7884882833333329
mp20-test-mp-1523327.cif,3.3244,-3.013456698333333
mp20-test-mp-1112026.cif,0.0,-1.2947452219333333
mp20-test-mp-1079460.cif,0.0,-0.29963901125
mp20-test-mp-31138.cif,0.0,-0.2289381582327587
mp20-test-mp-865745.cif,0.0,-0.3897050074999999
mp20-test-mp-22170.cif,1.4489999999999998,-1.919143204259259
mp20-test-mp-4052.cif,0.0,-0.9213093259075672
mp20-test-mp-1185790.cif,0.0,-0.0391448062499999
mp20-test-mp-9986.cif,1.4997000000000005,-1.0655390076436777
mp20-test-mp-753663.cif,3.6748,-2.3725541348809527
mp20-test-mp-865766.cif,0.0,-0.6559603512500001
mp20-test-mp-1077095.cif,0.0,-0.3747951100000002
mp20-test-mp-1186030.cif,0.0,-0.176779633663793
mp20-test-mp-21235.cif,0.0,-0.2303999808405175
mp20-test-mp-976843.cif,0.0,-0.0320048438888888
mp20-test-mp-19241.cif,1.5467,-1.819942398
mp20-test-mp-1095465.cif,0.0,-0.9837518805555554
mp20-test-mp-1112542.cif,0.4982999999999999,-1.0817209992528738
mp20-test-mp-1225244.cif,0.0,-0.8030808399999998
mp20-test-mp-1206113.cif,0.0,-0.4071387737499981
mp20-test-mp-1190038.cif,0.0,-0.2874131072916666
mp20-test-mp-22759.cif,0.0,-0.4329216988888878
mp20-test-mp-1187965.cif,0.0,-0.4857220633333332
mp20-test-mp-1101755.cif,0.9897999999999998,-0.751474645208333
mp20-test-mp-20534.cif,0.0,-0.0831538075000004
mp20-test-mp-1218811.cif,0.0,-2.2626591027380942
mp20-test-mp-1111924.cif,0.0,-2.526076814433333
mp20-test-mp-757058.cif,1.8032,-2.497356418151341
mp20-test-mp-1226282.cif,0.0,-0.8649990067857151
mp20-test-mp-1185844.cif,0.0,-0.4702563383333332
mp20-test-mp-861886.cif,0.0,-0.4427187058333335
mp20-test-mp-1071877.cif,0.0,-0.0790725316666668
mp20-test-mp-1094088.cif,1.0775000000000006,-0.3216163166666668
mp20-test-mp-1209861.cif,0.0,-1.0343238577777782
mp20-test-mp-1221342.cif,0.0,-0.5270761423994257
mp20-test-mp-1147739.cif,0.0,-1.2913552111111115
mp20-test-mp-866111.cif,0.0,-0.6505596212500002
mp20-test-mp-12017.cif,0.0,-0.4219800368749995
mp20-test-mp-35876.cif,2.0615,-2.360031533928572
mp20-test-mp-2403.cif,0.0,-0.9691539091666668
mp20-test-mp-1103172.cif,0.0,-0.6006368241666665
mp20-test-mp-1077954.cif,0.0,-0.4893424307142859
mp20-test-mp-1286297.cif,2.7047,-2.4206224665000007
mp20-test-mp-1023488.cif,0.0,-0.0385378381249998
mp20-test-mp-1184509.cif,0.0,-1.5996853100000017
mp20-test-mp-29110.cif,0.2302999999999997,-0.4539545306250003
mp20-test-mp-567963.cif,0.0,-0.7438679285714288
mp20-test-mp-778408.cif,0.0,-1.0940130690000005
mp20-test-mp-1186142.cif,0.0,-0.186635125387931
mp20-test-mp-696701.cif,3.3406,-1.4666083568750006
mp20-test-mp-1189441.cif,0.0336999999999996,-1.703403993875
mp20-test-mp-21372.cif,0.0,-2.2288267658333334
mp20-test-mp-1104182.cif,1.3123,-2.353281166904761
mp20-test-mp-2697.cif,2.9058,-2.205439445555556
mp20-test-mp-1106127.cif,1.1264000000000003,-1.8806248435243047
mp20-test-mp-21005.cif,0.0,-0.47781348
mp20-test-mp-977444.cif,0.0,-0.2892752541666663
mp20-test-mp-755684.cif,3.5115000000000003,-1.8795418501851853
mp20-test-mp-1206808.cif,6.884,-3.4417217744195403
mp20-test-mp-20887.cif,0.0,-0.0547745216666667
mp20-test-mp-542018.cif,0.3851999999999997,-2.3719361381481483
mp20-test-mp-545728.cif,1.2428999999999997,-2.2628192275
mp20-test-mp-11873.cif,0.0,-0.3547938483333338
mp20-test-mp-753007.cif,0.0,-2.431762552227012
mp20-test-mp-4666.cif,1.4257,-0.1968959354166664
mp20-test-mp-21076.cif,0.0,-0.2038342890000009
mp20-test-mp-1223969.cif,0.0,0.0330006883333332
mp20-test-mp-1080518.cif,0.0,-0.712073787222222
mp20-test-mp-758560.cif,1.2488,-2.1116773225000003
mp20-test-mp-1113353.cif,0.7475999999999998,-0.9931393635862068
mp20-test-mp-10257.cif,0.0,0.0261423550000001
mp20-test-mp-862730.cif,0.0,-0.5309520077083327
mp20-test-mp-1228433.cif,0.0,-0.4591043611034488
mp20-test-mp-1188975.cif,0.0,-0.2745910363157885
mp20-test-mp-31045.cif,0.6537000000000001,-0.8910085706000004
mp20-test-mp-779599.cif,0.0,-3.634565908666667
mp20-test-mp-570377.cif,0.7518000000000002,-0.0352505592857141
mp20-test-mp-865808.cif,0.0,-0.4058826933333339
mp20-test-mp-1187857.cif,0.0,-0.4871357816666668
mp20-test-mp-866164.cif,0.0,-0.4647696341666667
mp20-test-mp-1025519.cif,0.0,-0.5892494821093748
mp20-test-mp-504909.cif,0.0,-0.3968675377083333
mp20-test-mp-973099.cif,0.0,-0.44840584625
mp20-test-mp-1344.cif,0.0,-2.099116657767856
mp20-test-mp-10964.cif,0.0,-0.6166655072222215
mp20-test-mp-1207112.cif,0.0,-0.5981828471724129
mp20-test-mp-1218015.cif,0.0,-0.3310410849999998
mp20-test-mp-21124.cif,0.0,-0.483847568611111
mp20-test-mp-1222600.cif,0.0,-0.3175975679166667
mp20-test-mp-1176494.cif,2.6327,-2.522284026666668
mp20-test-mp-567219.cif,2.3729000000000005,-1.130086290888889
mp20-test-mp-979287.cif,0.0,-0.4742386499999997
mp20-test-mp-30779.cif,0.0,-0.1053351687499999
mp20-test-mp-989637.cif,1.8285,-0.6995789069999987
mp20-test-mp-1187339.cif,0.0,-0.6580031968749998
mp20-test-mp-1095406.cif,0.0,-0.9531043748484848
mp20-test-mp-22191.cif,0.0,-0.5437586961111123
mp20-test-mp-1186110.cif,0.0,-3.2910525867500007
mp20-test-mp-21037.cif,0.0,-1.4240752100781249
mp20-test-mp-1186560.cif,0.0,-0.8426284718749999
mp20-test-mp-972119.cif,0.0,-0.4338289808333337
mp20-test-mp-1072794.cif,0.0,-0.3339643899999999
mp20-test-mp-1227571.cif,0.0,-0.6189765990625
mp20-test-mp-542021.cif,0.0,-0.6789291108333331
mp20-test-mp-20514.cif,0.0,-0.8435901116666654
mp20-test-mp-752429.cif,0.9279999999999996,-2.457581765666667
mp20-test-mp-1522334.cif,0.4771000000000001,-2.5862424715000003
mp20-test-mp-1030448.cif,0.5592999999999999,-0.4965699478906238
mp20-test-mp-24124.cif,4.8694,-2.4016627741666667
mp20-test-mp-1205861.cif,0.0,-0.3030887286666662
mp20-test-mp-1079587.cif,0.0,-0.8344489325
mp20-test-mp-1213864.cif,0.0,-0.5883055119010416
mp20-test-mp-1111138.cif,0.4502999999999999,-2.055450558933334
mp20-test-mp-1183643.cif,0.0,-0.1246162149999996
mp20-test-mp-504727.cif,0.0,-2.7183699458333344
mp20-test-mp-862863.cif,0.0,-0.4657242300000002
mp20-test-mp-1095680.cif,0.0,-0.8590234233333334
mp20-test-mp-19176.cif,0.0,-2.6333644815
mp20-test-mp-1218011.cif,2.2453,-3.0346978565476195
mp20-test-mp-865939.cif,0.0,-0.0510746611111111
mp20-test-mp-1181500.cif,0.0,-0.7101844312500001
mp20-test-mp-1518845.cif,1.0783999999999998,-2.5780508329666665
mp20-test-mp-1185962.cif,0.0,0.0251620716666665
mp20-test-mp-11350.cif,0.0,-0.3782717241666671
mp20-test-mp-730.cif,1.1258,-0.6830153388888883
mp20-test-mp-756762.cif,4.5702,-3.9584011868333335
mp20-test-mp-867311.cif,0.1809000000000002,-1.0357580497916663
mp20-test-mp-1008734.cif,0.0,-0.586319066666667
mp20-test-mp-2793.cif,0.3169999999999999,-0.3368671136718753
mp20-test-mp-560929.cif,3.8046,-3.0692531929655167
mp20-test-mp-1215246.cif,0.0,-0.5288234361111108
mp20-test-mp-865120.cif,3.2191,-3.450457052310345
mp20-test-mp-1227052.cif,4.7217,-2.4285229591666666
mp20-test-mp-1222454.cif,0.0,-0.3465171030769231
mp20-test-mp-11118.cif,1.9668,-1.5927409441603804
mp20-test-mp-1189461.cif,0.0,-0.5784016094999999
mp20-test-mp-2649.cif,0.0,-0.738783664375001
mp20-test-mp-3627.cif,0.0,-1.161464086666667
mp20-test-mp-1226990.cif,1.1053,-0.8291243876420457
mp20-test-mp-1187618.cif,0.0,-0.8247493849999996
mp20-test-mp-977115.cif,0.0,-0.3815887758045977
mp20-test-mp-1216647.cif,0.8961000000000001,-1.8549197160894089
mp20-test-mp-760381.cif,0.0,-0.4325504815625001
mp20-test-mp-1178367.cif,0.0,-3.093449825714285
mp20-test-mp-4075.cif,0.0,-0.8684688633333337
mp20-test-mp-1106100.cif,0.0,-0.5719100214583337
mp20-test-mp-1104139.cif,0.0,-0.7834944517948711
mp20-test-mp-1113491.cif,2.4632,-1.6286388198793105
mp20-test-mp-779166.cif,0.0,-1.219739467564102
mp20-test-mp-864620.cif,0.0,-0.3574010162499998
mp20-test-mp-1184302.cif,0.0,0.00654997
mp20-test-mp-1223098.cif,0.0,-0.1433962457777776
mp20-test-mp-1186033.cif,0.0,0.01011959466954
mp20-test-mp-1205874.cif,0.0,-0.4144975766666658
mp20-test-mp-31232.cif,2.0986,-2.284010509791667
mp20-test-mp-1106355.cif,0.0,-0.4005763050000005
mp20-test-mp-568143.cif,0.0,-0.5780460971666663
mp20-test-mp-753387.cif,0.3171,-2.183130970512821
mp20-test-mp-1222844.cif,3.8834,-3.6729866535
mp20-test-mp-1222534.cif,0.0,-1.8768451102083328
mp20-test-mp-33154.cif,0.0,-0.3030555255555554
mp20-test-mp-1094747.cif,0.0,-0.0507449866666667
mp20-test-mp-1221067.cif,0.0,-1.9274491269504308
mp20-test-mp-1219910.cif,0.0,-0.5703859699999994
mp20-test-mp-639751.cif,0.0,0.0507089249999999
mp20-test-mp-23477.cif,1.5698999999999996,-1.8059675825862072
mp20-test-mp-1111041.cif,0.0,-0.9933346370000002
mp20-test-mp-1215234.cif,0.0,-0.2730915876436779
mp20-test-mp-13229.cif,4.5732,-3.5658876414000007
mp20-test-mp-377.cif,0.0,-1.029416255
mp20-test-mp-13695.cif,0.0,-2.65674744375
mp20-test-mp-1146.cif,1.0336,-2.319876987916667
mp20-test-mp-752545.cif,1.9267,-2.7961814631695403
mp20-test-mp-1219063.cif,3.249000000000001,-3.6916407002500007
mp20-test-mp-1218049.cif,0.0,-0.8618724530000008
mp20-test-mp-972072.cif,0.0,-0.882435346666667
mp20-test-mp-1209123.cif,0.0481999999999995,-1.5212908527777782
mp20-test-mp-11750.cif,0.0,-0.6559841865740752
mp20-test-mp-974411.cif,0.0,0.000708158750001
mp20-test-mp-1206438.cif,0.0,-2.277475882222222
mp20-test-mp-20163.cif,0.0,-2.256263018875001
mp20-test-mp-756696.cif,1.1249999999999998,-2.208107736445624
mp20-test-mp-866200.cif,0.0,-0.2525018887500003
mp20-test-mp-1065609.cif,0.0746000000000002,-1.2884786008333338
mp20-test-mp-1222710.cif,0.5175000000000001,-2.432542963333333
mp20-test-mp-1223223.cif,3.865100000000001,-3.5027200079166665
mp20-test-mp-3465.cif,0.0,-0.6579902705555547
mp20-test-mp-625700.cif,2.3226,-1.458941464
mp20-test-mp-1188952.cif,0.0,-0.8067010824999997
mp20-test-mp-976969.cif,0.0,0.0317491633333328
mp20-test-mp-510688.cif,0.0,-0.7134852108333322
mp20-test-mp-1206749.cif,0.0,-1.044563921666666
mp20-test-mp-545820.cif,0.7358000000000002,-1.6288757437499992
mp20-test-mp-31115.cif,3.539,-3.62082787125
mp20-test-mp-1272804.cif,0.4268999999999998,-2.0681063427422
mp20-test-mp-1189575.cif,0.0,-0.3875005113333344
mp20-test-mp-1383.cif,0.0,-0.245158838333334
mp20-test-mp-1102211.cif,0.0,-0.4454614045454541
mp20-test-mp-1209277.cif,4.9312000000000005,-2.5446366268750005
mp20-test-mp-1025230.cif,0.0,-0.1796407371428574
mp20-test-mp-865583.cif,0.0,-0.066903451111111
mp20-test-mp-22214.cif,0.0,-2.4935200766666665
mp20-test-mp-1094419.cif,0.0,-0.019581912777778
mp20-test-mp-3217.cif,0.0,-2.6651665891145826
mp20-test-mp-1221777.cif,0.0,-0.8553346278556034
mp20-test-mp-1210521.cif,0.0,-1.4349011505039777
mp20-test-mp-555665.cif,3.0385,-2.3784993603103457
mp20-test-mp-1215472.cif,0.0,-2.346699213229167
mp20-test-mp-27915.cif,2.9235,-2.1087224357000003
mp20-test-mp-1208843.cif,0.0,-0.5146434778571428
mp20-test-mp-1226054.cif,0.0,-0.5017653058333332
mp20-test-mp-1228454.cif,0.8803999999999998,-1.0524549770535714
mp20-test-mp-1114669.cif,2.9117,-1.960184352905172
mp20-test-mp-1223832.cif,0.0,-0.7076890392222224
mp20-test-mp-672307.cif,0.0,-0.9494988877777778
mp20-test-mp-601.cif,0.0,-1.510276549166667
mp20-test-mp-34375.cif,0.6890000000000001,-1.9979920691666664
mp20-test-mp-3228.cif,1.3640000000000003,-1.5550288355208337
mp20-test-mp-1086.cif,0.0,-0.5762719450000002
mp20-test-mp-568337.cif,0.0,-0.820891996666667
mp20-test-mp-6270.cif,1.8665,-2.741980539833333
mp20-test-mp-1219091.cif,0.0,-0.0249483875000002
mp20-test-mp-1189016.cif,1.3464,-2.660419942
mp20-test-mp-11615.cif,0.0,-0.5205019254214562
mp20-test-mp-13271.cif,0.0230000000000005,-1.1878234933333331
mp20-test-mp-768310.cif,3.0885000000000007,-2.733831392
mp20-test-mp-10388.cif,0.0,-0.7442757102564096
mp20-test-mp-1519421.cif,0.1467999999999998,-3.113709097
mp20-test-mp-1206170.cif,0.0,-0.4333614661111096
mp20-test-mp-1226194.cif,0.0212000000000003,-0.5825289087500005
mp20-test-mp-1147715.cif,0.0,-1.3884608290625002
mp20-test-mp-865926.cif,0.0,-0.2568360025
mp20-test-mp-1079811.cif,0.0,-0.8334757024999995
mp20-test-mp-1187429.cif,0.0,-0.4061541454166679
mp20-test-mp-1114410.cif,4.0632,-2.4113120483
mp20-test-mp-1187917.cif,0.0,-0.5635269620833332
mp20-test-mp-975958.cif,2.2296,-2.55217048883908
mp20-test-mp-1114592.cif,4.0601,-2.1077668086551724
mp20-test-mp-7437.cif,0.8400999999999998,-0.4580208737777778
mp20-test-mp-1070146.cif,0.0,-0.7814701760000006
mp20-test-mp-1188999.cif,0.0,-0.8799322999999992
mp20-test-mp-1225387.cif,0.0,-1.0390083712499996
mp20-test-mp-31491.cif,0.0,-0.8287212790000005
mp20-test-mp-1188851.cif,0.0,-0.6929330831249993
mp20-test-mp-1079028.cif,0.0,-0.7847023787499996
mp20-test-mp-1111181.cif,2.9907,-1.4910308359000002
mp20-test-mp-1103847.cif,0.0,-0.4182789021428569
mp20-test-mp-1226630.cif,0.0,-0.5593017428333326
mp20-test-mp-1112651.cif,2.6774,-1.7299559138793104
mp20-test-mp-1215591.cif,0.0,-2.025808637222223
mp20-test-mp-1207418.cif,0.0,-0.75900034
mp20-test-mp-11833.cif,0.0,-0.0968338216666661
mp20-test-mp-1227987.cif,3.3621,-3.0155305225
mp20-test-mp-1225256.cif,0.0,-0.8182310739999992
mp20-test-mp-1226576.cif,0.0,-0.6850608674999996
mp20-test-mp-1219023.cif,0.0,-0.5322667455000001
mp20-test-mp-20540.cif,0.0,-0.9790604599999996
mp20-test-mp-1112792.cif,3.0211,-1.5842401138862066
mp20-test-mp-753930.cif,1.8911,-2.1823356096296305
mp20-test-mp-1105712.cif,0.0,-0.7388282116666676
mp20-test-mp-669367.cif,5.5165,-2.3986755199375
mp20-test-mp-1226769.cif,0.0,-0.418302897708334
mp20-test-mp-1104436.cif,0.0,-0.2982175473076919
mp20-test-mp-28214.cif,0.0561,-1.624829143958333
mp20-test-mp-562809.cif,1.1517000000000004,-2.3850584609375005
mp20-test-mp-2602.cif,0.0,-1.5032571225000009
mp20-test-mp-505781.cif,0.0,-0.3247248807327594
mp20-test-mp-865792.cif,0.0,-0.5082368962499997
mp20-test-mp-19000.cif,1.8545,-2.485376601904762
mp20-test-mp-1225350.cif,0.0,0.0390593999904211
mp20-test-mp-1222693.cif,0.0,0.0359979074999996
mp20-test-mp-17424.cif,0.0,-0.5801425928333335
mp20-test-mp-1219249.cif,1.085700000000001,-0.3664229542857151
mp20-test-mp-554658.cif,0.0,-1.6386806038888897
mp20-test-mp-510582.cif,0.0,-0.5998982939999997
mp20-test-mp-1106144.cif,0.0,-0.4536557500000001
mp20-test-mp-1186754.cif,0.0,-0.2588862762499992
mp20-test-mp-636805.cif,2.0573,-0.7138264487499999
mp20-test-mp-1273567.cif,0.9203,-1.9994753179705465
mp20-test-mp-755768.cif,0.5587,-2.701207321666667
mp20-test-mp-23143.cif,0.0,-2.407440427142858
mp20-test-mp-1059528.cif,0.0,0.0096948550000002
mp20-test-mp-753234.cif,0.4011,-1.9338399354425284
mp20-test-mp-1080654.cif,0.0,-0.7703718505555557
mp20-test-mp-754694.cif,3.3934999999999995,-1.8533283995785448
mp20-test-mp-2026.cif,0.0,-0.3360726612500002
mp20-test-mp-1227198.cif,0.0,-2.650034081944445
mp20-test-mp-1100166.cif,0.0,-0.0594603591666667
mp20-test-mp-19243.cif,0.0072999999999998,-2.021339812500001
mp20-test-mp-867238.cif,0.0,-0.3422782612499997
mp20-test-mp-9143.cif,7.63,-3.041388968958333
mp20-test-mp-29652.cif,0.0,-1.0073090273828127
mp20-test-mp-865236.cif,0.0,-0.3465943995833331
mp20-test-mp-1181515.cif,0.0,-0.9420787623529407
mp20-test-mp-1228901.cif,0.0,-0.0397073933333329
mp20-test-mp-545788.cif,0.6618999999999997,-1.2048010492857146
mp20-test-mp-5878.cif,3.7864,-2.8179999301
mp20-test-mp-1076933.cif,0.0,-0.4497778660000001
mp20-test-mp-74.cif,0.0,0.0
mp20-test-mp-1206945.cif,0.0,-0.5809001069999994
mp20-test-mp-6389.cif,0.5038999999999998,-2.794108654155172
mp20-test-mp-1188522.cif,0.0,-0.6186823043750005
mp20-test-mp-24095.cif,0.0,-0.7249307083333338
mp20-test-mp-11990.cif,0.0,-0.3372392449999999
mp20-test-mp-505632.cif,0.0,-1.027873367295259
mp20-test-mp-582389.cif,0.0,-0.3894781250833333
mp20-test-mp-1225358.cif,0.0,-0.0620257627272722
mp20-test-mp-1215432.cif,0.0,-2.113006825338541
mp20-test-mp-1189757.cif,0.1798999999999999,-1.724736090703125
mp20-test-mp-29297.cif,1.7241,-1.435818600714286
mp20-test-mp-864912.cif,0.0,-1.0352818283333327
mp20-test-mp-867275.cif,0.0,-0.2483274812499996
mp20-test-mp-1113570.cif,0.3084000000000002,-2.1860137527528734
mp20-test-mp-22968.cif,5.492800000000001,-1.0074997002586208
mp20-test-mp-1284156.cif,0.0,-2.9713796738333342
mp20-test-mp-1104916.cif,3.4497,-2.757490813076923
mp20-test-mp-1228015.cif,0.0,-0.4156515466666669
mp20-test-mp-983428.cif,0.0,-0.4731792068749998
mp20-test-mp-7003.cif,0.0,-1.205448482777778
mp20-test-mp-1225649.cif,0.0,-0.3202632533333348
mp20-test-mvc-10202.cif,0.0,-2.4143747930000004
mp20-test-mp-570236.cif,0.0,-1.0037003943333331
mp20-test-mp-1209013.cif,0.0,-3.357949687333334
mp20-test-mp-989619.cif,0.0,-0.8146152594999989
mp20-test-mp-1095234.cif,3.6933,-3.569486246666667
mp20-test-mp-1174251.cif,1.1207000000000005,-2.028130803939655
mp20-test-mp-1189323.cif,0.0,-1.057799322013889
mp20-test-mp-19966.cif,0.0,-0.3804227616666669
mp20-test-mp-1069765.cif,0.0,-0.7940730189999996
mp20-test-mp-556296.cif,1.1839000000000004,-1.4089798923437504
mp20-test-mp-12382.cif,0.0,-0.8239766350000011
mp20-test-mp-1113792.cif,3.0253,-2.7392414906666667
mp20-test-mp-1212187.cif,0.0,-0.4800127798958344
mp20-test-mp-972069.cif,0.0,-0.3098580043750001
mp20-test-mp-554993.cif,0.0,-0.564590448035714
mp20-test-mp-561048.cif,3.1414,-2.072426409640625
mp20-test-mp-6779.cif,0.0,-2.025191587000001
mp20-test-mp-1188367.cif,0.0,-0.3612054325000002
mp20-test-mp-17895.cif,6.3586,-3.237531339611112
mp20-test-mp-22648.cif,0.0,-0.5838532734374997
mp20-test-mp-863692.cif,0.0,-0.2901592076077577
mp20-test-mp-1111175.cif,4.6863,-2.4258301889
mp20-test-mp-2172.cif,1.6871,-0.4851421624999998
mp20-test-mp-1207748.cif,0.0,-0.2269571995579145
mp20-test-mvc-13672.cif,1.7339000000000002,-3.075442359000001
mp20-test-mp-1222486.cif,4.5604,-2.9251019360416666
mp20-test-mp-1079467.cif,0.0,-0.7131674454166665
mp20-test-mp-7447.cif,0.6937,-1.08018313040625
mp20-test-mp-9985.cif,0.0,-0.5600169847222224
mp20-test-mp-642736.cif,2.9628,-0.3572235193333333
mp20-test-mp-28591.cif,0.0412000000000001,-0.3493152511247948
mp20-test-mp-1102187.cif,0.0,0.0074921037499997
mp20-test-mp-10201.cif,0.0,-0.1454847633333334
mp20-test-mp-22962.cif,0.0,-1.7135035427528742
mp20-test-mp-1206273.cif,2.1586000000000003,-3.307361554
mp20-test-mp-12924.cif,2.6869,-1.7647359057857142
mp20-test-mp-7774.cif,0.6385000000000001,-0.5093069282758624
mp20-test-mp-865856.cif,0.0,-0.1114362524999998
mp20-test-mp-1188996.cif,0.0,-0.5832299037499995
mp20-test-mp-625054.cif,5.2866,-2.646065535
mp20-test-mp-1189298.cif,0.0,-0.4692663163333329
mp20-test-mp-1189382.cif,0.0,-0.0305122438888897
mp20-test-mp-1024957.cif,0.0,-0.2852026444444444
mp20-test-mp-30943.cif,2.2957,-0.8881159560729166
mp20-test-mp-27637.cif,0.4774999999999996,-0.7513379716666666
mp20-test-mp-1247080.cif,0.0,-1.236231315357143
mp20-test-mp-1187445.cif,0.0,-0.0687349699999995
mp20-test-mp-7600.cif,0.0,-0.6801909420000001
mp20-test-mp-30356.cif,0.0,-0.3027844816666665
mp20-test-mp-1078349.cif,0.0,-1.3513638275000002
mp20-test-mp-1025065.cif,0.0,-0.1612308184770109
mp20-test-mp-22400.cif,0.0,-0.5598454115382543
mp20-test-mp-1101256.cif,0.0,-1.5938726031481485
mp20-test-mp-1106190.cif,0.0,-0.5556536494117649
mp20-test-mp-22994.cif,3.6474,-1.3811044831666663
mp20-test-mp-1220140.cif,0.0,-0.4592465703072917
mp20-test-mp-1521056.cif,3.4098,-2.989330742833333
mp20-test-mp-1104766.cif,0.0,-0.1715281957142857
mp20-test-mp-1185622.cif,0.0,-0.2064152474999998
mp20-test-mp-983444.cif,0.0,-0.268434762708333
mp20-test-mp-865558.cif,0.0,-1.2025699531249998
mp20-test-mp-27987.cif,3.4572,-1.3288309591666667
mp20-test-mp-755053.cif,2.5426,-2.4313305653846147
mp20-test-mp-1226892.cif,0.0,-0.0790190220833331
mp20-test-mp-559563.cif,2.9462,-2.7284556301551723
mp20-test-mp-1104140.cif,0.0,-0.8370784404761906
mp20-test-mp-998555.cif,1.7534000000000003,-1.0594105815000003
mp20-test-mp-643387.cif,4.6001,-2.552590031944445
mp20-test-mp-1218087.cif,0.0,-0.2423148061206899
mp20-test-mp-1519405.cif,2.0381,-3.1323720158333344
mp20-test-mp-14005.cif,0.0,-1.580592064666667
mp20-test-mp-1018821.cif,0.0,-0.3399952844444449
mp20-test-mp-1178362.cif,4.5466,-3.554998416666667
mp20-test-mp-1177699.cif,0.0,-2.1202795042528737
mp20-test-mp-31148.cif,0.0,-0.5257047016666672
mp20-test-mp-1519728.cif,2.8602,-2.8366439694666665
mp20-test-mp-1103966.cif,0.0,-0.7385853292499992
mp20-test-mp-20284.cif,0.0,-1.3610413116666666
mp20-test-mp-31183.cif,0.0,-0.5421772558333332
mp20-test-mp-754963.cif,0.3176000000000001,-2.162440566690866
mp20-test-mp-755007.cif,0.0,-4.0848199575
mp20-test-mp-1214613.cif,0.0,-2.052368578333333
mp20-test-mvc-13792.cif,0.0,-0.8463108090000006
mp20-test-mp-1113623.cif,1.3071000000000002,-1.7076048320028732
mp20-test-mp-27226.cif,0.0,-1.5938102233333329
mp20-test-mp-971738.cif,0.0,-0.1202270375000003
mp20-test-mp-865798.cif,0.0,-0.0930038993750002
mp20-test-mp-1207268.cif,0.4379999999999997,-2.7895945100000006
mp20-test-mp-754549.cif,0.0,-1.3374452166206894
mp20-test-mp-975784.cif,0.0,0.0237560362499991
mp20-test-mp-1095468.cif,0.0,-2.306630941822917
mp20-test-mp-765701.cif,1.5136999999999996,-2.331084303333334
mp20-test-mp-1225786.cif,0.0,-0.5145347720052088
mp20-test-mp-1112534.cif,3.1426,-2.09509030124138
mp20-test-mp-10244.cif,0.0,-0.5582203909090908
mp20-test-mp-7814.cif,0.0,-1.1363240792499991
mp20-test-mp-1216936.cif,0.0,-1.3624809072005195
mp20-test-mp-560399.cif,5.9608,-3.458269922810345
mp20-test-mp-1720.cif,0.0,-0.1991855950000006
mp20-test-mp-1147648.cif,0.3422999999999998,-2.144527125112848
mp20-test-mp-754475.cif,2.0025,-3.476105357135418
mp20-test-mp-1025458.cif,0.0,-0.6044745112500003
mp20-test-mp-11852.cif,0.0,-0.2024787483333335
mp20-test-mp-1208643.cif,2.0461,-2.1129489577083342
mp20-test-mp-760476.cif,0.1339000000000005,-3.556688546111112
mp20-test-mp-15704.cif,3.5618,-1.4001439712500003
mp20-test-mp-38975.cif,5.1417,-1.4420855000000017
mp20-test-mp-754001.cif,0.6577999999999999,-2.7897521108333336
mp20-test-mp-570430.cif,0.0,-0.2131610541666676
mp20-test-mp-558815.cif,1.5836,-1.4331509982291673
mp20-test-mp-1226342.cif,0.0,-0.8805115492857141
mp20-test-mp-1079347.cif,0.0,-0.9787495140000004
mp20-test-mp-1215194.cif,0.0,-0.2338278275000007
mp20-test-mp-1002114.cif,0.0,-0.2422147925000004
mp20-test-mp-865007.cif,0.0,-0.3136354250000002
mp20-test-mp-1232342.cif,0.0,-3.40441515725
mp20-test-mp-569224.cif,2.2167000000000003,-0.5970664293750003
mp20-test-mp-643264.cif,1.4425,-0.4896504741666672
mp20-test-mvc-4133.cif,0.6848000000000001,-2.3536296789999995
mp20-test-mp-998980.cif,0.1206999999999993,-0.581171477083334
mp20-test-mp-28156.cif,0.0,-2.5259350710919546
mp20-test-mp-545622.cif,3.5492,-2.0140364766666665
mp20-test-mp-569525.cif,0.3468,-0.3255159616522993
mp20-test-mp-1220277.cif,0.0,-0.6339456791666661
mp20-test-mp-7421.cif,0.2742,-0.4759517143333334
mp20-test-mp-982667.cif,0.0,-0.3992178145833343
mp20-test-mp-1114373.cif,4.7165,-3.327458687
mp20-test-mp-5568.cif,0.0,-0.2776490550925924
mp20-test-mp-1069712.cif,0.0,-0.3515574319999999
mp20-test-mp-978975.cif,0.0,-0.364115453333333
mp20-test-mp-756702.cif,3.7203,-3.2275790591666667
mp20-test-mp-606680.cif,0.0004,-1.894617549516284
mp20-test-mp-1224149.cif,0.0,-0.630603379230769
mp20-test-mvc-11741.cif,0.0,-1.0453861482095492
mp20-test-mp-12406.cif,0.0,-1.4835467610937505
mp20-test-mp-773864.cif,2.2698,-2.7383046797222224
mp20-test-mp-1114541.cif,4.9188,-2.4750074587999995
mp20-test-mp-1095136.cif,0.0,-0.4539265256666667
mp20-test-mp-972257.cif,0.0,0.0303139312499993
mp20-test-mp-1025824.cif,1.0828000000000002,-1.0857607952430566
mp20-test-mp-567371.cif,2.0572000000000004,-0.721822190222222
mp20-test-mp-1217704.cif,0.0,-0.6558787607142855
mp20-test-mp-755856.cif,2.6409,-2.600664585
mp20-test-mp-753980.cif,1.1155,-2.001305397459771
mp20-test-mp-574189.cif,2.1598,-0.9175829575
mp20-test-mp-559588.cif,1.5721999999999996,-0.81233956875
mp20-test-mp-20961.cif,0.0,-1.088800512812501
mp20-test-mp-1100766.cif,0.0,-0.0689728874999993
mp20-test-mp-9793.cif,1.5288,-2.5343987498958334
mp20-test-mp-1215930.cif,1.0982000000000005,-1.0604704933333338
mp20-test-mp-19274.cif,0.0,-2.6888799550862066
mp20-test-mp-4668.cif,0.0,-0.6670158995374997
mp20-test-mp-8469.cif,0.0,-1.9249125124444448
mp20-test-mp-1226876.cif,0.0,-0.7652561625000006
mp20-test-mp-1206069.cif,0.0,-0.4455250590909084
mp20-test-mp-23231.cif,0.7946,-0.5970191770833333
mp20-test-mp-23703.cif,3.1751,-0.4955301841666668
mp20-test-mp-1189147.cif,0.0,-0.2756110283620696
mp20-test-mp-1225319.cif,0.0,-1.7615101508333328
mp20-test-mp-1183063.cif,0.0,-0.3957709024999998
mp20-test-mp-1523149.cif,2.8123000000000005,-2.8776872538
mp20-test-mp-551250.cif,1.4005999999999998,-2.332201546875
mp20-test-mp-1207057.cif,0.0,-1.0171933255555554
mp20-test-mp-1183760.cif,0.0,-0.1634791754166662
mp20-test-mp-4939.cif,0.0,-0.6490421739999988
mp20-test-mp-1222863.cif,0.0,-3.608480115916668
mp20-test-mp-1105231.cif,0.9466,-1.0112417442592596
mp20-test-mp-13346.cif,0.0,-1.3931413798287842
mp20-test-mp-10528.cif,0.0,-0.6910223020000004
mp20-test-mp-1222591.cif,2.4135,-2.6129283512500003
mp20-test-mp-8159.cif,0.0,-0.3982918728385414
mp20-test-mp-763291.cif,0.7906,-2.603765199722221
mp20-test-mp-20601.cif,0.0,-0.3782386249999994
mp20-test-mp-1184832.cif,0.0,-0.6881166887500001
mp20-test-mp-989610.cif,1.3021999999999998,-0.1950917992413792
mp20-test-mp-1102412.cif,0.2742999999999997,-2.0199390625000007
mp20-test-mp-21064.cif,0.0,-0.3567423422222227
mp20-test-mp-997158.cif,0.5960999999999999,-0.9598190650000004
mp20-test-mp-1186673.cif,0.0,-0.2198580652083328
mp20-test-mp-1288374.cif,0.4256000000000002,-2.283764467916667
mp20-test-mp-1183118.cif,0.0,-0.2934719118749997
mp20-test-mp-1188292.cif,0.0,-0.5883287260416665
mp20-test-mp-2615.cif,0.0,-0.3157824224999999
mp20-test-mp-1220518.cif,0.0,-0.9414478065909088
mp20-test-mp-1215662.cif,0.0,-0.1811877225000001
mp20-test-mp-16258.cif,0.0,-0.4938677727777778
mp20-test-mp-1272379.cif,2.5099,-1.238538461000001
mp20-test-mp-1225979.cif,0.0,-2.286162313659004
mp20-test-mp-1078140.cif,0.0,-0.7106042439008624
mp20-test-mp-2544.cif,0.0,-0.2372509028947366
mp20-test-mp-1114470.cif,1.9956,-1.6248904843333327
mp20-test-mp-1215186.cif,0.0,-0.3067284222222224
mp20-test-mp-864924.cif,0.0,-0.4708246575000001
mp20-test-mp-2385.cif,0.0,-0.1141120949999994
mp20-test-mp-1224010.cif,2.7804,-0.9089151166666666
mp20-test-mp-567621.cif,0.0,-0.6223152781818183
mp20-test-mp-23059.cif,2.6746,-1.888469903333333
mp20-test-mp-1106389.cif,2.631,-2.52463692475
mp20-test-mp-1219833.cif,0.0,-0.6815482921428568
mp20-test-mp-867751.cif,0.0,-0.5355272104166664
mp20-test-mp-1039008.cif,0.0,0.0204746683333336
mp20-test-mp-30228.cif,1.9363,-0.470905378055555
mp20-test-mp-1068164.cif,0.0,-0.5184431399999994
mp20-test-mp-1225310.cif,0.0,-0.4012824366666668
mp20-test-mp-642690.cif,2.1808,-1.063483859586207
mp20-test-mp-975570.cif,0.0,-0.0994124250000005
mp20-test-mp-676650.cif,2.0965,-1.2631968497499997
mp20-test-mp-3333.cif,0.0,-0.5765188869999995
mp20-test-mp-20496.cif,3.5212,-2.070018908571428
mp20-test-mp-865622.cif,0.0,-0.2773108341666663
mp20-test-mvc-4675.cif,0.0,-1.0840946985714284
mp20-test-mp-1080467.cif,0.1021,-0.1615080516250002
mp20-test-mp-20947.cif,0.0,-2.2266911915
mp20-test-mp-867282.cif,0.0,-0.8447579099999993
mp20-test-mp-29326.cif,0.0,-3.0659243503333338
mp20-test-mp-999132.cif,0.8334999999999999,-1.2797005370833334
mp20-test-mp-1226593.cif,0.0,-0.8553698095833324
mp20-test-mp-1227350.cif,0.0,-0.4416123505555553
mp20-test-mp-992.cif,0.0,-0.4829738183333329
mp20-test-mp-1266.cif,2.2808,-1.2192301018157323
mp20-test-mp-20737.cif,0.0,-2.813619180505748
mp20-test-mp-541429.cif,0.0,-2.699683983333333
mp20-test-mp-1210264.cif,0.0625999999999999,-1.0451745694159484
mp20-test-mp-1077741.cif,0.0,-0.2509003844444445
mp20-test-mp-1008349.cif,0.0,8.235625000008184e-05
mp20-test-mp-1067235.cif,0.0,-0.385268425
mp20-test-mp-1221000.cif,3.2929,-2.675023133505748
mp20-test-mp-568173.cif,0.0,-0.5364485024999999
mp20-test-mp-1219446.cif,0.0,-0.3935981108333338
mp20-test-mp-567594.cif,2.066,-1.2647692786945812
mp20-test-mp-1520532.cif,1.6487000000000005,-2.8335430046666668
mp20-test-mp-1245824.cif,0.8864999999999998,-0.564947652499999
mp20-test-mp-1950.cif,1.4886999999999997,-1.7165316076388897
mp20-test-mp-866029.cif,0.0,-0.8467917650000008
mp20-test-mp-676562.cif,0.0,-2.287602355
mp20-test-mp-769263.cif,2.5935,-2.9342306890000005
mp20-test-mp-1079582.cif,0.0,-0.5180468187500011
mp20-test-mp-1079238.cif,0.0,-0.7463463005555566
mp20-test-mp-1220982.cif,4.2721,-2.868792729744252
mp20-test-mp-1105910.cif,0.0,-0.15815605
mp20-test-mp-23871.cif,2.9802,-2.487576969428879
mp20-test-mp-2725.cif,0.0,-0.8187302249999995
mp20-test-mp-554941.cif,4.8285,-2.9018521173000003
mp20-test-mp-753978.cif,0.0,-1.2833300947619048
mp20-test-mp-1218818.cif,0.0,-2.3847203328333344
mp20-test-mp-1104102.cif,0.0,-0.5777711107142858
mp20-test-mp-567994.cif,0.0,-0.9058572372222232
mp20-test-mp-1227539.cif,3.4014,-3.3864542877777786
mp20-test-mp-1184371.cif,0.0,-0.5622101691666668
mp20-test-mp-1080835.cif,0.0,-0.5181597881249989
mp20-test-mp-1188158.cif,0.0,-1.1586592147916672
mp20-test-mp-862817.cif,0.0,-0.30060724375
mp20-test-mp-1518664.cif,0.0,-3.051032996799999
mp20-test-mp-760490.cif,0.0,-2.521937148055556
mp20-test-mp-1189438.cif,3.3238000000000003,-1.4294221813333334
mp20-test-mp-1079468.cif,0.0,-0.4346918631249994
mp20-test-mp-1516349.cif,0.4733,-2.538466707166667
mp20-test-mp-1106099.cif,0.9688,-3.0849973571264373
mp20-test-mp-1025986.cif,0.0,-0.917239773611112
mp20-test-mp-1075902.cif,0.0,-1.97688586
mp20-test-mp-1025363.cif,0.0,-0.3510613971428569
mp20-test-mp-989535.cif,0.8879999999999999,-0.177223739586207
mp20-test-mp-28853.cif,1.8372,-2.3148732075000007
mp20-test-mp-1077589.cif,0.0,-0.9474643304861108
mp20-test-mp-865904.cif,0.0,-0.6631125962500004
mp20-test-mp-1078235.cif,0.0,-0.8108845599999996
mp20-test-mp-1228935.cif,1.0686,-0.8413419857291666
mp20-test-mp-1217379.cif,0.0,-0.2604097744444434
mp20-test-mp-22343.cif,0.0,-0.6494944430000004
mp20-test-mp-1836.cif,0.3580999999999998,-0.5111776640885415
mp20-test-mp-27413.cif,0.0,-0.4929196397435891
mp20-test-mp-25576.cif,1.4741000000000004,-1.9901776983333328
mp20-test-mp-1188133.cif,0.5788000000000002,-1.6233118301666665
mp20-test-mp-1521105.cif,2.2322,-3.603362278166667
mp20-test-mp-619501.cif,0.0,-0.8982851905000004
mp20-test-mp-1218758.cif,3.5964,-3.11083966675926
mp20-test-mp-6964.cif,4.0064,-3.13260942038793
mp20-test-mp-973606.cif,0.0,-0.6781770625000005
mp20-test-mp-558536.cif,2.3551,-0.8976195337500001
mp20-test-mp-1205713.cif,0.8788,-3.6471274256666666
mp20-test-mp-27641.cif,2.3245,-1.3820263238577586
mp20-test-mp-1218464.cif,0.0,-2.3510348734375004
mp20-test-mp-24336.cif,5.3291,-1.6341835222222223
mp20-test-mp-16565.cif,0.1728,-0.6046019530468754
mp20-test-mp-1205555.cif,0.0,-0.288008035
mp20-test-mp-1030119.cif,1.2622,-1.1756920470833332
mp20-test-mp-754199.cif,2.8453,-1.964912206111111
mp20-test-mp-655448.cif,0.0,-0.7811971307142856
mp20-test-mp-567296.cif,2.3808,-0.8375888633333335
mp20-test-mp-19802.cif,1.4221999999999997,-2.6278742175
mp20-test-mp-554769.cif,0.8950999999999993,-1.1075101502083342
mp20-test-mp-966800.cif,0.5137999999999998,-0.2015046466666659
mp20-test-mp-1211832.cif,2.0705,-1.2743455677044335
mp20-test-mp-1103293.cif,0.0,-0.808140226666667
mp20-test-mp-558387.cif,4.2002,-2.11795785125
mp20-test-mp-867122.cif,0.0,-0.2343099612499992
mp20-test-mp-1187376.cif,0.0,-0.7788840587500001
mp20-test-mp-10760.cif,1.9792,-1.4703456911718744
mp20-test-mp-1103261.cif,0.9747999999999992,-0.8081125616145837
mp20-test-mp-996960.cif,1.4771,-0.5008705666666664
mp20-test-mp-756542.cif,1.712,-2.1229675321551724
mp20-test-mp-36526.cif,4.2844,-4.160206836666667
mp20-test-mp-6408.cif,0.3483,-0.6990636896875002
mp20-test-mp-1185748.cif,0.0,-0.1497577905555553
mp20-test-mp-5577.cif,0.0,-0.8569313510000001
mp20-test-mp-755180.cif,0.6104999999999999,-1.75262615
mp20-test-mp-5063.cif,0.0,-0.6608140966666665
mp20-test-mp-13449.cif,0.0,-0.5475145083333329
mp20-test-mp-1220165.cif,0.0,-0.5679334200000005
mp20-test-mp-36903.cif,2.9765,-1.4191897615999998
mp20-test-mp-1187560.cif,0.0,0.0539189058333331
mp20-test-mp-1217497.cif,0.0,-0.7280650612500006
mp20-test-mp-1105597.cif,0.0,-1.179012064999999
mp20-test-mp-1205523.cif,0.0,-0.7580376830000006
mp20-test-mp-13975.cif,2.1792,-3.5076462084687505
mp20-test-mp-1246745.cif,0.0,-1.3551523487807882
mp20-test-mp-12985.cif,0.0,-0.3375889405555554
mp20-test-mp-862635.cif,0.0,-0.7848349362500002
mp20-test-mp-32750.cif,1.2487000000000004,-0.3292849937499995
mp20-test-mp-1185415.cif,0.0,-0.3882534133333335
mp20-test-mp-1104181.cif,0.0,-0.4229203153571421
mp20-test-mp-1212088.cif,0.0,-0.9312864758333332
mp20-test-mp-22671.cif,0.0,-3.405883248157895
mp20-test-mp-640862.cif,0.0,-0.1134998584210529
mp20-test-mp-865594.cif,0.0,-0.5802323108333338
mp20-test-mp-1105213.cif,1.4836,-0.8981326849062498
mp20-test-mp-862852.cif,0.0,-0.4106881237499991
mp20-test-mp-1184244.cif,0.0,-0.7447283650000003
mp20-test-mp-550.cif,0.0,-0.1194131976923081
mp20-test-mp-485.cif,0.0,-0.4584555237499987
mp20-test-mp-752737.cif,0.0,-2.610074983060345
mp20-test-mp-1223695.cif,0.0,-0.5079530437499997
mp20-test-mp-1102478.cif,0.0,-1.1837616899999996
mp20-test-mp-11675.cif,0.0,-0.7424425533333334
mp20-test-mp-2195.cif,0.0,-0.0460620649999996
mp20-test-mp-1185615.cif,0.0,-0.2068424399999999
mp20-test-mp-9400.cif,0.0,-0.4466521662499998
mp20-test-mp-29483.cif,2.0596,-1.4824413309999998
mp20-test-mp-1215885.cif,0.0,-0.3237230895402297
mp20-test-mp-985207.cif,0.0,-0.2118980730769226
mp20-test-mp-24589.cif,3.5348,-1.7447389637
mp20-test-mp-1114474.cif,2.5999000000000003,-1.7843807595833332
mp20-test-mp-977250.cif,0.0,0.0366137654166666
mp20-test-mp-29678.cif,0.6481000000000003,-0.4733487107291667
mp20-test-mp-1186152.cif,0.0,-0.193863747887931
mp20-test-mp-22311.cif,0.0,-0.1187037608333341
mp20-test-mp-760012.cif,0.1070000000000002,-2.105880589734749
mp20-test-mp-1103280.cif,0.0,-0.8737551980555551
mp20-test-mp-560699.cif,2.9338,-2.02351889125
mp20-test-mp-1185769.cif,0.0,-0.2624481699999998
mp20-test-mp-23061.cif,2.034,-2.1947749841666675
mp20-test-mp-1188175.cif,0.6177999999999999,-2.1766069649062487
mp20-test-mp-1113545.cif,0.0,-0.9375973515000002
mp20-test-mp-1189707.cif,0.0,-0.3870726862499998
mp20-test-mp-35714.cif,1.4125999999999994,-2.2708698180952376
mp20-test-mp-1214726.cif,1.4753000000000005,-2.4675012817857147
mp20-test-mp-1218384.cif,0.0,-0.7934307699999998
mp20-test-mp-5443.cif,0.0,-0.4130281024999984
mp20-test-mp-1189286.cif,0.0,-0.0718206056249997
mp20-test-mp-1105374.cif,2.6968,-2.64184921670977
mp20-test-mp-21863.cif,0.0,-0.5583959866071433
mp20-test-mp-1219996.cif,0.0,-0.2803229758333329
mp20-test-mp-1212981.cif,0.0,-0.3301915691666668
mp20-test-mp-1225249.cif,0.0,-0.2714232269999996
mp20-test-mp-1104024.cif,1.7061000000000002,-1.0525522464624382
mp20-test-mp-7914.cif,3.9929,-3.1955612153879303
mp20-test-mp-1227630.cif,0.0,-0.406310303333333
mp20-test-mp-755570.cif,0.0,-0.7904308159166668
mp20-test-mp-27636.cif,0.3808,-1.1659962589846744
mp20-test-mp-1226293.cif,0.0,-0.9379968836904768
mp20-test-mp-1218137.cif,2.4029000000000003,-3.119321923809524
mp20-test-mp-1189484.cif,0.0,-0.6021394612499993
mp20-test-mp-1214655.cif,0.0,-3.058660779035088
mp20-test-mp-1206489.cif,0.0,-1.5470705285862068
mp20-test-mp-770405.cif,2.7244,-2.4175442353571426
mp20-test-mp-1104685.cif,0.0,-0.3854484873076919
mp20-test-mp-866290.cif,0.0,-0.7947510912500002
mp20-test-mp-30435.cif,0.0,-0.1951457300000001
mp20-test-mp-1185044.cif,0.0,0.0162521875000001
mp20-test-mp-8580.cif,0.0,-0.9598979013333334
mp20-test-mp-557958.cif,0.0,-2.605505644386207
mp20-test-mp-1211557.cif,0.0,-1.002707511642857
mp20-test-mp-27041.cif,3.0855,-2.5458878845238107
mp20-test-mp-20191.cif,0.3760999999999992,-0.5700203790000004
mp20-test-mp-1187958.cif,0.0072,-0.5706335787499999
mp20-test-mp-1111608.cif,3.9846,-2.71980399735
mp20-test-mp-976272.cif,0.0,0.0730284216666667
mp20-test-mp-1178360.cif,2.623,-2.9393394170000007
mp20-test-mp-561586.cif,2.5942,-2.1228232172952586
mp20-test-mp-31121.cif,4.476,-3.968124522000001
mp20-test-mp-30235.cif,0.0,-0.9281083368749998
mp20-test-mp-1189806.cif,0.0,-0.3854071927777774
mp20-test-mp-919.cif,0.0,-1.4519544250000005
mp20-test-mp-1185749.cif,0.0,-0.4897654466666665
mp20-test-mp-1080089.cif,0.0,-0.6204101030555572
mp20-test-mp-850212.cif,0.0,-1.8097227119655188
mp20-test-mp-541772.cif,0.5697000000000001,-0.4693168878571429
mp20-test-mp-1112096.cif,0.7097,-1.2671889547666673
mp20-test-mp-1221617.cif,0.0,-0.743902801266934
mp20-test-mp-20554.cif,0.3607,-0.6557057028385413
mp20-test-mp-1226158.cif,3.0012,-2.557144102547893
mp20-test-mp-1094589.cif,0.0,-0.0324193533333335
mp20-test-mp-974690.cif,0.0,-1.6814937264285714
mp20-test-mp-1188755.cif,0.0,-0.881335628125
mp20-test-mp-571350.cif,0.0,-0.7832700090000003
mp20-test-mp-567818.cif,0.0,-0.7911825489999998
mp20-test-mp-1215168.cif,0.0,-0.1148392233333339
mp20-test-mp-1112628.cif,3.5192,-2.2743871712528736
mp20-test-mp-752768.cif,1.1198,-1.951929835
mp20-test-mp-1287184.cif,1.9785000000000004,-2.08532182875
mp20-test-mp-1094671.cif,0.0,-0.0746056041666666
mp20-test-mp-1186902.cif,0.0,-0.1058355362499998
mp20-test-mp-1111936.cif,0.0,-2.1348202656
mp20-test-mp-1570812.cif,0.6307999999999998,-2.254647004333333
mp20-test-mp-23318.cif,1.9702000000000008,-1.0133884560416668
mp20-test-mp-1217345.cif,0.0,0.0750754749999984
mp20-test-mp-1217793.cif,2.0819,-2.1132641765000004
mp20-test-mp-1399.cif,0.0,-0.39553814375
mp20-test-mp-756044.cif,3.2297,-2.0528031474568964
mp20-test-mp-429.cif,0.0,-0.254970535
mp20-test-mp-7559.cif,0.0,-0.4827271093055548
mp20-test-mp-1072248.cif,0.0,-0.459951155
mp20-test-mp-1187211.cif,0.0,-0.2830449062500015
mp20-test-mp-2296.cif,0.0,-0.4406539295833322
mp20-test-mp-1224481.cif,0.0,-0.3329440666666675
mp20-test-mp-865717.cif,0.0,-0.7592928854166665
mp20-test-mp-1215953.cif,0.0,-0.0733078965325676
mp20-test-mp-4083.cif,0.0,-0.3502038966666667
mp20-test-mp-642795.cif,4.5691,-1.630214524791667
mp20-test-mp-505142.cif,0.0,-0.7627354697499996
mp20-test-mp-1221247.cif,2.6191000000000004,-3.137730511316093
mp20-test-mp-1114567.cif,4.5334,-2.4708476143333327
mp20-test-mp-1114380.cif,0.0,-3.0425312897500008
mp20-test-mp-1219145.cif,0.0,-0.4665193549999996
mp20-test-mp-1009834.cif,0.0,-0.6858388716666669
mp20-test-mp-1187641.cif,0.0,-0.4576451679166666
mp20-test-mp-1217341.cif,0.0,-0.2422061525000005
mp20-test-mp-1238813.cif,0.0,-1.0550024494047616
mp20-test-mp-1105690.cif,0.0,-1.6447594177499991
mp20-test-mp-16687.cif,0.0,-0.5150107220833338
mp20-test-mp-1184223.cif,0.0,-0.4543664612500002
mp20-test-mp-1215182.cif,0.0,-0.7440034508333326
mp20-test-mp-1179917.cif,0.0,0.0136067050000008
mp20-test-mp-867344.cif,0.0,-0.3560689087500002
mp20-test-mp-1185371.cif,0.0,-0.4465120108333331
mp20-test-mp-865321.cif,0.0,-0.77703672125
mp20-test-mp-1220413.cif,0.0,-1.2512504801562505
mp20-test-mp-1186954.cif,0.0,-0.713825728749999
mp20-test-mp-1214116.cif,3.3203,-3.478180185166667
mp20-test-mp-1185980.cif,0.0,-0.1304591537500004
mp20-test-mp-1220460.cif,0.0,-1.0698543614423068
mp20-test-mp-22349.cif,0.0,-0.4469772930000005
mp20-test-mp-1187003.cif,0.0,-0.7357488099999996
mp20-test-mp-1183086.cif,0.0,-0.3639388475
mp20-test-mp-1246874.cif,2.1638,-1.0710238049999994
mp20-test-mp-1213174.cif,4.1966,-2.5949639685775865
mp20-test-mp-27608.cif,1.4809,-2.572461847916666
mp20-test-mp-1189858.cif,0.8298999999999999,-2.1469275930147056
mp20-test-mp-867815.cif,0.0,-0.5318247912499996
mp20-test-mp-23846.cif,7.1196,-2.49988518575
mp20-test-mp-4276.cif,0.0,-0.6211115135919538
mp20-test-mp-759749.cif,0.0,-1.6873217313749995
mp20-test-mp-23192.cif,1.8528,-0.56629213
mp20-test-mp-1220484.cif,0.0,-0.2763553016666667
mp20-test-mp-4081.cif,1.753,-0.750568061171875
mp20-test-mp-9319.cif,0.0,-2.5612681975
mp20-test-mp-567838.cif,0.0,-0.3597524557692307
mp20-test-mp-20279.cif,0.0,-0.9219959836718744
mp20-test-mp-1206744.cif,0.0,-0.9128283555555552
mp20-test-mp-865982.cif,0.0,-0.7645449341666657
mp20-test-mp-1226325.cif,0.0,-0.9078323125000004
mp20-test-mp-2658.cif,0.0,-0.3268933949999999
mp20-test-mp-1070137.cif,0.0,-0.4362009720000003
mp20-test-mp-866104.cif,0.0,-0.3714187624999999
mp20-test-mp-1111594.cif,0.0,-3.2329015421833334
mp20-test-mp-1186744.cif,0.0,0.0347473624999998
mp20-test-mp-27386.cif,2.7263,-1.048270976960784
mp20-test-mp-22250.cif,0.0,-0.605637927333332
mp20-test-mp-1222950.cif,0.0,-0.1829490674999986
